,1,COMPTES DE RESSOURCES DURABLES
,10,CAPITAL
,101,Capital Social
,10133000,Capital souscrit ; appele ;  verse ; non amorti
,105,Primes liees aux capitaux propres
,10521010,Primes d apport
,10531010,Primes de fusion
,10541010,Primes de conversion
,106,Ecart de reevaluation
,10610000,Ecart de reevaluation legal
,10610001,Ecart de reevaluation libre
,109,Actionnaire ; Capital souscrit ; non appele
,10911010,Actionnaire ; Capital souscrit ; non appele
,11,RESERVES
,11110000,Reserve legale
,11211000,Reserve statutaires ou contractuelles
,118,Autres reserves
,11815000,Reserves facultatives
,11885000,Reserves diverses
,13,RESULTAT NET DE L EXERCICE
,130,Resultat en instance d affectation
,13010100,Resultat en instance d affectation :Benefice
,13091010,Resultat en instance d affectation: Perte
,131,Resusltat net : Benefice
,13112000,Resusltat net : Benefice
,132,Marge brute (M.B)
,13220000,Marge brute sur matieres
,133,Valeur ajoutee (V.A.)
,13310000,Valeur ajoutee
,134,Excedent brut d exploitation (E.B.E.)
,13410000,Excedent brut d exploitation (E.B.E.)
,135,Resultat d exploitation (R.E.)
,13510000,Resultat d exploitation (R.E.)
,136,Resultat financier ( R.F.)
,13610000,Resultat financier ( R.F.)
,137,Resultat des activites ordinaires (R.A.O.)
,13710000,Resultat des activites ordinaires (R.A.O.)
,138,Resultat hors activites ordinaires (R.H.A.O.)
,1381,Resultat hors activites ordinaires (R.H.A.O.)
,13810000,Resultat hors activites ordinaires (R.H.A.O.)
,139,Resultat net: perte
,13911000,Resultat net: perte
,14,SUBVENTIONS D INVESTISSEMENT
,141,Subventions d equipement A
,1411,Etat
,14111000,Subvention d equipement Etat
,1417,Entreprises et organismes prives
,14171000,Subvention d equipement HBB
,14171001,Subvention d equipement Ophtamologie
,14172000,HYDROELECTRIC SYSTEME ATTSHIK
,14172001,BICYCLES
,14172002,MBF MAINT/EQUIPEMENT
,14172003,RENOVATION OF THE HYDROELECTRIC
,14172004,WASHING MACHINE AND LANDING
,14172005,MBF ULTRASOND MACHINE
,14172006,VEHICULE FOR THE IMCK
,14172007,MBF FOR BED
,14172008,MFR SPECTROPHOTOMETRE
,14172009,SUBVENTIONS D EQUIPEMENT CSBB
,14172010,SUBVENTIONS D EQUIPEMENT PLCK
,14181010,Autres
,16,EMPRUNTS ET DETTES ASSIMILEES
,165,DEPOTS ET CAUTIONNEMENTS RECUS
,16511010,Depots
,16521010,Cautionnements
,168,Autres emprunts et dettes
,1688,Autres emprunts et dettes
,16880100,Emprunts non garantie a LT
,16880200,Emprunts et dettes a LT aupres des entreprises apparentees
,16880300,Autres dettes a LT
,16880400,Emprunts  garantis a MT
,16880500,Emprunts non garantis a MT
,16880600,Emprunt HTA
,16880300,Autres emprunts a MT
,17,DETTES DE CREDIT-BAIL ET CONTRATS ASSIMILES
,17211182,Emprunts equivalents de credit-bail immobilier
,17311183,Emprunts equivalents de credit-bail mobilier
,17611186,Interets courus
,17621010,Interets courus sur emprunts equivalents de credit-bail immobilier
,17811188,Emprunts equivalents d autres contrats
,18,DETTES LIEES A DES PARTICIPATIONS ET COMPTES DE LIAISON DES ETABLISSEMENTS ET SOCIETES EN PARTICIPATION
,18611196,Comptes de liaison charges
,18711197,Comptes de liaison produits
,19,PROVISIONS FINANCIERES POUR RISQUES ET CHARGES
,19111201,Provisions pour litiges
,19410194,Provisions pour pertes de change
,19510195,Provisions pour impots
,196,Provisions pour pensions et obligations similaires
,19611010,Provisions pour pensions et obligations similaires
,197,Provisions pour charges a repartir sur plusieurs exercices
,19710010,Provisions pour grosses reparations
,198,Autres provisions financieres pour risques et charges
,19810010,Provisions pour amendes et penalites
,2,COMPTES D ACTIFS IMMOBILISES
,20,CHARGES IMMOBILISEES
,201,FRAIS D ETABLISSEMENT
,20180010,Frais divers d etablissement
,202,CHARGES A REPARTIR SUR PLUSIEURS EXERCICES
,2028,Charges a etaler
,20280010,Charges a etaler
,21,IMMOBILISATIONS INCORPORELLES
,212,BREVETS ; LICENCES ; CONCESSIONS ET DROITS SIMILAIRES
,21211010,Licence
,21211011,Licence reevaluee
,213,LOGICIELS
,21311000,Logiciels Informatiques
,21311001,Reevaluation Logiciel informatiques
,219,IMMOBILISATIONS INCORPORELLES EN COURS
,21920000,Logiciels en cours
,22,TERRAINS
,222,TERRAINS NUS
,2228,Terrains a batir
,22280000,Autres terrains nus
,223,TERRAINS BATIS
,2232,Pour batiments administratifs et commerciaux
,22321000,Batiment Hopital
,22322000,Batiment CME
,22323000,Bureau Ecole
,2238,Autres terrains batis
,22381000,Morque
,22382000,Hospice TSHITUDILU (25 ANS)
,22383000,Dortoir CME (25 ANS)
,22384000,Depot Chantier
,22385000,E.P. BON BERGER Latrine et Batiment
,22386000,Logement du Personnel
,22387000,Maisons Medecins Residents
,23,BATIMENTS ; INSTALLATIONS TECHNIQUES ET AGENCEMENTS
,231,BATIMENTS INDUSTRIELS ; AGRICOLES ; ADMINISTRTATIFS ET COMMERCIAUX SUR SOL PROPRE
,2313,Batiments administrtatifs et commerciaux
,23131000,Batiment Hopital
,23131001,Batiment Hopital reevalue
,23132000,Batiment CME
,23132001,Batiment CME reevalue
,23133000,Bureau Ecole
,23133001,Bureau Ecole reevalue
,2314,Batiments affectes au logement du personnel
,23140000,Logement du Personnel
,23140001,Logement du Personnel reevalue
,23140000,Maisons Medecins Residents
,23140001,Maisons Medecins Residents reevalue
,233,OUVRAGES D INFRASTRUCTURES
,2334,Barrages ; Digues
,23341010,Barrages et autres
,23341011,Barrages et autres reevalues
,238,AUTRES INSTALLATIONS ET AGENCEMENTS
,23810000,Morque
,23810001,Morque reevalue
,23820000,Hospice TSHITUDILU (25 ANS)
,23820001,Hospice TSHITUDILU (25 ANS) reevalue
,23830000,Dortoir CME (25 ANS)
,23830001,Dortoir CME (25 ANS) reevalue
,23840000,Depot Chantier
,23840001,Depot Chantier reevalue
,23850000,E.P. BON BERGER Latrine et Batiment
,23850001,E.P. BON BERGER Latrine et Batiment reevalue
,239,BATIMENTS ET INSTALLATIONS EN COURS
,2391,Immeubles non residentiels encours
,23910000,Construction Refectoire
,2392,Immeubles residentiels  encours
,23920000,Construction Maison du Personnel
,24,MATERIELS
,244,MATERIELS ET MOBILIERS
,2448,Autres Materiels et Mobiliers
,24480010,Mobilier Ophtamologique
,24480011,Mobilier Ophtamologique reevalue
,24480020,Mobiliers Pax
,24480021,Mobiliers Pax reevalue
,24480030,Mobiliers CME
,24480031,Mobiliers CME reesvalue
,24480040,Mobiliers Hopital
,24480041,Mobiliers Hopital reevalue
,24480060,Mobiliers ITM
,24480061,Mobiliers ITM reevalue
,24480070,Mobiliers Dentaires
,24480071,Mobiliers Dentaires reevalue
,24480080,Mobiliers Guest House
,24480081,Mobiliers Guest House reevalue
,24480090,Materiels et equipements Ophta
,24480091,Materiels et equipements Ophta reevalue
,24480100,Materiels et equipements Hopital
,24480101,Materiels et equipements Hopital reevalue
,24480200,Materiels et equipements PAX
,24480201,Materiels et equipements PAX reevalue
,24480300,Materiels et equipements Centre Medical d etudes
,24480301,Materiels et equipements Centre Medical d etudes reevalue
,24480400,Materiels et equipement  ITM
,24480401,Materiels et equipement  ITM reevalue
,24480500,Materiels et equipements Dentaires
,24480501,Materiels et equipements Dentaires reevalue
,24480600,Materiels et equipements GH
,24480601,Materiels et equipements GH reevalue
,24480700,Materiels et equipements ISTM
,24480701,Materiels et equipements ISTM reevalue
,24480800,Systeme solaire
,24480801,Systeme solaire reevalue
,24480900,Groupe Electrogene Pax
,24480901,Groupe Electrogene Pax reevalue
,24481000,Groupe Electrogene Pax2
,24481001,Groupe Electrogene Pax2 reevalue
,24482000,Groupe Electrogene HBB
,24482001,Groupe Electrogene HBB reevalue
,2447,Materiel et mobilier de logements du personnel
,24471000,Mobiliers Habitation du Personnel
,24471001,Mobiliers Habitation du Personnel reevalue
,245,MATERIEL DE TRANSPORT
,2451,Vehicules
,24511000,Vehicule
,24511001,Vehicule reevalue
,2458,Autres (velo ; mobylette ; moto)
,24581000,Bicycles
,24581001,Bicycles reevalue
,24582000,Motocycles revalue
,24582001,Motocycles revalue
,24583001,E-MAIL ET ACCESSOIRES
,249,MATERIELS EN COURS
,24911010,Materiel et outillage industriel et commercial
,24921010,Materiels et Mobiliers Bureau
,24951010,Materiels de Transport
,24981010,Autres materiels
,25,AVANCES ET ACOMPTES VERSES SUR IMMOBILISATIONS
,25111010,AVANCES ET ACOMPTES VERSES SUR IMMOBILISATIONS INCORPORELLES
,25211010,AVANCES ET ACOMPTES VERSES SUR IMMOBILISATIONS CORPORELLES
,27,AUTRES IMMOBILISATIONS FINANCIERES
,272,PRETS AU PERSONNEL
,27211010,Prets immobiliers
,27221010,Prets mobiliers et d installation
,27281010,Autres prets (frais d etudes...)
,275,DEPOTS ET CAUTIONNEMENTS VERSES
,27511010,Depots pour loyers d avance
,27521010,Depots pour l electricite
,27531010,Depots pour l eau
,27551010,Depots pour le telephone ; le telex ; la telecopie
,27561010,Cautionnements sur le marche public
,27571010,Cautionnements sur autres operations
,27581010,Autres depots et cautionnements
,28,AMORTISSEMENTS
,281,AMORTISSEMENTS DES IMMOBILISATIONS INCORPORELLES
,2812,Amortissements des brevets ; licences ; concessions et droits similaires
,28120001,Amortissements Brevets
,28120002,Amortissements Brevets reevalue
,28120003,Amortissements Licences
,2813,Amortissements des logiciels
,28131010,Amortissements du logiciel informatique
,28131011,Amortissements du logiciel informatique  reev.
,283,AMORTISSEMENTS DES BATIMENS ; INSTALLATIONS TECHNIQUES ET AGENCEMENTS
,2831,Amortissements des batiments industriels ; agricoles ; administratifs et commerciaux sur sol propre
,28310010,Amortissement Batiments
,28310011,Amortissement Batiments reevalues
,2833,Amortissements des ouvrages d infrastructures
,28331010,Amortissement Barrage et autres
,28331011,Amortissement Barrage et autres reevalue
,284,AMORTISSEMENTS DU MATERIEL
,2844,Amortissements du materiel et mobilier
,28441010,Amortissements des  materiels
,28441011,Amortissements des materiels reevalues
,28442010,Amortissement des mobiliers
,28442011,Amortissements des mobiliers reevalues
,28443010,Amortissements du materiel et mobilier d habitation
,28443011,Amortissements du materiel et mobilier d habitation reevalue
,2845,Amortissements du materiel de transport
,28451010,Amortissements Vehicules
,28451011,Amortissements vehicules reevalue
,28452010,Amortissements Bicyclette ; Mobilette et moto
,28452011,Amortissements Bicyclette ; Mobilette et moto reevalue
,2848,Amortissements des autres materiels
,28481010,Amortissements des equipements
,28481011,Amortissements des autres materiels reevalues
,29,PROVISIONS POUR DEPRECIATIONS
,291,PROVISIONS POUR DEPRECIATION DES IMMOBILISATIONS INCORPORELLES
,2919,Provisions pour depreciation des logiciels
,29191000,Provisions pour depreciation des immobilisations incorporelles en cours
,292,PROVISIONS POUR DEPRECIATION DES TERRAINS
,29221000,Provisions pour depreciation des terrains nus
,29231000,Provisions pour depreciation des terrains batis
,293,PROVISIONS POUR DEPRECIATION DES BATIMENTS ; INSTALLATIONS TECHNIQUES ET AGENCEMENTS
,29311000,Provisions pour depreciation des batiments industriels ; agricoles ; administratifs et commerciaux sur sol propres
,29331000,Provisions pour depreciation des ouvrages d infrastructures
,294,PROVISION POUR DEPRECIATION DU MATERIEL
,29441000,Provision pour depreciation du materiel et mobilier
,29451000,Provision pour depreciation du materiel de transport
,29481000,Provision pour depreciation des autres materiels
,29491000,Provision pour depreciation du materiel en cours
,3,COMPTES DE STOCKS
,31,MARCHANDISES
,311,MARCHANDISES A
,3111,Medicaments
,31110010,Medicaments en comprimes
,31110011,Medicaments en Sirop
,31110012,Medicaments en creme
,31110013,Medicaments en Poudre et Capsul
,31110014,Injectables
,31110015,Produit  de Perfusion
,31110016,Produits Ophtamologiques
,312,MARCHANDISES B
,3128,Autres
,31280010,Platres
,31280011,Suppositoires
,31280012,Sondes
,31810328,Marchandises Hors Activites Ordinaires
,32,MATIERES PREMIERES ET FOURNITURES LIEES
,321,Matieres Groupe A
,32110010,Matieres pour Produits Perfusion
,32110011,Matieres pour Produits Ophtamologiques
,323,Fournitures (A ;B)
,32310010,Equipements medicaux (gants ; blousons ;babouche ; cache nez)
,32310011,Petits materiels et outillages (bistouri ; stetoscope ;seringue ;thermometres…)
,33,AUTRES APPROVISIONNEMENTS
,331,Matieres Consommables
,3311,Matieres Consommables
,33110010,Carburants
,33110011,Lubrifiants
,33110012,Reactifs  Loboratoire
,33110013,Produits d entretien et netoyages
,33110014,Consommables Informatiques
,332,Fournitures d ateliers et d usine
,3321,Fournitures d ateliers et d usine
,33211010,Pieces de rechanges
,333,Fournitures de Magasin
,3331,Fournitures de Magasin
,33311010,Fournitures electriques et soudures
,334,Fournitures de bureau
,33410000,Fournitures de bureau
,36,PRODUITS FINIS
,3611,Produits Finis A
,36110010,Produits de Perfusion
,36110011,Produits ophtamologiques
,38,STOCKS EN COURS DE ROUTE ; EN CONSIGNATION OU EN DEPOT
,381,MARCHANDISES EN COURS DE ROUTE
,3811,MARCHANDISES EN COURS DE ROUTE
,38110010,Medicaments en comprimes
,38110011,Medicaments en Sirop
,38110012,Medicaments en Poudre et Capsule
,38110013,Medicaments en creme
,38110014,Injectables
,38110015,Platres
,38110016,Suppositoires
,38110017,Sondes
,38110018,Produits de Perfusion
,382,MATIERES ET FOURNITURES LIEES EN COURS DE ROUTE
,3821,MATIERES ET FOURNITURES LIEES EN COURS DE ROUTE
,38210010,Matieres pour Produits Perfusion
,38210011,Matieres pour Produits Ophtamologiques
,383,AUTRES APPROVISIONNEMENTS EN COURS DE ROUTE
,3831,AUTRES APPROVISIONNEMENTS EN COURS DE ROUTE
,38310010,Carburants
,38310011,Lubrifiants
,38310012,Reactifs Loboratoire
,38310013,Fournitures de bureau
,38310014,Produits d entretien
,38310015,Pieces de rechange
,38310016,Fournitures electriques et soudures
,38310017,Consommables Informatiques
,387,STOCK EN CONSIGNATION OU EN DEPOT
,38710010,Stock en consignation
,38720010,Stock en depot
,39,DEPRECIATIONS DES STOCKS
,391,DEPRECIATIONS DES STOCKS DE MARCHANDISES
,39110010,Medicaments en comprimes
,39110011,Medicaments en Sirop
,39110012,Medicaments en Poudre
,39110013,Mesicaments en creme
,39110014,Injectables
,39110015,Platres
,39110016,Suppositoires
,39110017,Sondes
,39110018,Produits de Perfusion
,392,DEPRECIATION DES STOCKS MATIERES PREMIERES ET FOURNITURES LIEES
,39210010,Matieres pour Produits Perfusion
,39210011,Matieres pour Produits Ophtamologiques
,393,DEPRECIATIONS DES STOCKS D AUTRES APPOVISIONNEMENTS
,39310010,Carburants
,39310011,Lubrifiants
,39310012,Reactifs Loboratoires
,39310013,Fournitures de bureau
,39310014,Produit d entretien
,39310015,Fournitures electriques et soudures
,39310016,Consommables informatiques
,398,DEPRECIATIONS DES STOCKS EN COURS DE ROUTE ; EN CONSIGNATION OU EN DEPOT
,39810010,Depreciation des Stocks en cours de route
,39810011,Depreciation des Stocks en consignation
,39810012,Depreciation des Stocks en depot
,4,COMPTES DE TIERS
,40,FOURNISSEURS ET COMPTE  RATTACHES
,401,FOURNISSEURS ; DETTES EN COMPTE
,4011,FOURNISSEURS
,40111000,SNEL
,40111001,REGIDESO
,40111002,IMPROKA
,40111003,CADMEKO
,40111004,BTR ET CLTD BIAYA ROBERT
,40111005,ROFFE PHARMA
,40111006,CADIMEK
,40111007,TAKAS
,40111008,COALEX MEDICAL KIN
,40111009,BADI PHARMACIE
,40111010,CENTRE HOSPITALIER JUKAYI
,40111011,SONAS
,40111012,Autres Fournisseurs
,408,FOURNISSEURS  FACTURES NON PARVENUES
,4081,FOURNISSEURS
,40811000,SNEL
,40811001,REGIDESO
,40811002,IMPROKA
,40811003,CADMEKO
,40811004,BTR ET CLTD BIAYA ROBERT
,40811005,ROFFE PHARMA
,40811006,CADIMEK
,40811007,TAKAS
,40811008,COALEX MEDICAL KIN
,40811009,BADI PHARMACIE
,40811010,CENTRE HOSPITALIER JUKAYI
,40811011,SONAS
,40811012,Autres Founisseurs
,409,FOURNISSEURS DEBITEURS
,4091,FOURNISSEURS ; AVANCES ET ACOMPTES SUR  COMMANDE
,40910010,IMPROKA
,40910011,CADMEKO
,40910012,BTR ET CLTD BIAYA ROBERT
,40910013,ROFFE PHARMA
,40910014,CADIMEK
,40910015,TAKAS
,40910016,COALEX MEDICAL KIN
,40910017,BADI PHARMACIE
,40910018,CENTRE HOSPITALIER JUKAYI
,40910019,Autres Founisseurs
,4098001,RABAIS ; REMISES ; RISTOURNES ET AUTRES AVOIRS A OBTENIR
,41,CLIENTS ET COMPTE RATTACHES
,411,CLIENTS
,4111,Clients (Groupe Debiteurs)
,41111010,Clients Payant Cash
,41111011,Ass. Prov. Kasai Occidental
,41111012,Miss. Cath Ntambue
,41111013,S.C.P.T
,41111014,O.C.C.
,41111015,Office des Routes UAR
,41111016,DGDA
,41111017,RTNC KANANGA
,41111018,R.V.A AEROPORT
,41111019,REGIDESO
,41111020,S.N.C.C
,41111021,S.N.E.L
,41111022,SONAS
,41111023,NPA
,41111024,ETR/SARL
,41111025,S.E.P CONGO
,41111026,"TRUST MERCHANT BANK ""TMB"""
,41111027,DIR. PROVINCIALE DES IMPOTS
,41111028,C.N.E.
,41111029,FORCES ARMEES CONGOLAISES
,41111030,MISSION GREC ORTHODOXE
,41111031,IRC
,41111032,ARMOR GROUP
,41111033,EMAXON
,41111034,DE BEERS RDC
,41111035,GROUPE KILU SPRL
,41111036,BRAVO AIR CONGO
,41111037,SOUTHERNERA DIAMOND
,41111038,ENTEBBE HANDLING
,41111039,C.I.S.P
,41111040,G.T.M KANANGA
,41111041,BANQUE CONGOLAISE SPRL
,41111042,FASS
,41111043,ETS JEAN ASSAKA
,41111044,DIRECTION PROV. DES IMPOTS
,41111045,CABINET CMA/AEE
,41111046,Clients Apparentes
,41111047,Banque du Congo
,4114,CLIENTS ETAT ET COLLECTIVITES  PUBLIQUES
,41141010,Gouvernorat
,41141011,Hotel de Ville
,41141012,Maison Provincial
,4115,CLIENTS  ORGANISMES INTERNATIONAUX
,41151,Clients Apparentes Organismes internationaux
,41151010,MONUC
,41151011,OMS
,41151012,PNUD Kasai-Occidental
,41151013,Caritas Belgique
,41151014,MSH/USAID
,41152,Clients non Apparente Organismes internationnaux
,41152010,PNMLS
,41152011,Medecin du monde-Belgique
,41152012,PADEICO/CTB
,416,CREANCES CLIENTS LITIGIEUSES OU DOUTEUSES
,4161,CREANCES LITIGIEUSES
,41610010,Impayes
,4162,CREANCES DOUTEUSES
,41620010,Creances douteuses
,418,CLIENT ; PRODUITS A RECEVOIR
,4181,CLIENTS ;  FACTURE A ETABLIR
,41811010,Clients Payant Cash ; Facture a etablir
,41813010,Clients ; Organismes internationaux ; Fact a etablir
,41815010,Clients ; Conventiones Factures a etablir
,419,CLIENTS CREDITEURS
,4191,CLIENTS AVANCE ET ACOMPTES RECUS
,41911010,Clients Payant cash
,41911011,Ass. Prov. Kasai Occidental
,41911012,Banque du Congo
,41911013,Gouvernorat
,41911014,Hotel de Ville
,41911015,Maison Provincial
,41911016,Miss. Cath Ntambue
,41911017,S.C.P.T
,41911018,O.C.C.
,41911019,Office des Routes UAR
,41911020,DGDA
,41911021,RTNC KANANGA
,41911022,R.V.A AEROPORT
,41911023,REGIDESO
,41911024,S.N.C.C
,41911025,S.N.E.L
,41911026,SONAS
,41911027,NPA
,41911028,ETR/SARL
,41911029,S.E.P CONGO
,41911030,"TRUST MERCHANT BANK ""TMB"""
,41911031,DIR. PROVINCIALE DES IMPOTS
,41911032,C.N.E.
,41911033,FORCES ARMEES CONGOLAISES
,41911034,MISSION GREC ORTHODOXE
,41911035,IRC
,41911036,ARMOR GROUP
,41911037,EMAXON
,41911038,DE BEERS RDC
,41911039,GROUPE KILU SPRL
,41911040,BRAVO AIR CONGO
,41911041,SOUTHERNERA DIAMOND
,41911042,ENTEBBE HANDLING
,41911043,C.I.S.P
,41911044,G.T.M KANANGA
,41911045,BANQUE CONGOLAISE SPRL
,41911046,FASS
,41911047,MEDECINS DU MONDE-Belgique
,41911048,PAIDECO/CTB
,41911049,ETS JEAN ASSAKA
,41911050,PNMLS
,41911051,DIRECTION PROV. DES IMPOTS
,41911052,MSH/USAID
,41911053,CABINET CMA/AEE
,41911054,Clients Apparentes
,41980010,RABAIS-REMISES-RISTOURNES ET AUTRES AVOIR A ACCORDER
,42,PERSONNEL
,421,PERSONNEL AVANCE ET ACOMPTES
,4211,PERSONNELS  AVANCES
,42110010,Avances sur salaires
,4212,PERSONNEL ACOMPTE
,42120010,Acompte sur salaires
,422,REMUNERATION DUE
,42210010,Salaires a payer
,423,PERSONNEL SAISIE ARRET
,42310010,Personnel Saisie Arret
,424,PERSONNEL ; ŒUVRES SOCIALES
,4241,ASSISTANCE MEDICALE
,42410010,Assistance maladie
,4242,ALLOCATIONS  FAMILLIALES
,42421010,Allocations Familiales
,4248,AUTRES ŒUVRES SOCIALES INTERNES
,42481010,Logement
,425,REPRESENTANT DU PERSONNEL
,4251,DELEGUE DU PERSONNEL
,42511010,Delegue du Personnel
,4252,SYNDICATS ET COMITES D ENTREPRISES D ETABLISSEMENT
,42520010,Cotisation Syndicale
,428,PERSONNEL CHARGES A PAYER ET PRODUITS A RECEVOIR
,4281,DETTES PROVISIONNEES POUR CONGE A PAYER
,42810010,Conge provision
,4286,AUTRES CHARGES A PAYER
,42860010,Restaurant et Transport
,42860011,Prime d interim
,42860012,Prime Supplementaire Transport
,42860013,Prime d encouragement
,42860014,Prime de fidelite
,42860015,Prime de fin carrriere
,42860016,Provision. Colis Fin d annees
,43,ORGANISMES  SOCIAUX
,431,SECURITE SOCIAL
,4313,Caisse de retraite obligatoire
,43130010,Cotisation INSS Employes
,43130011,Cotisation INSS Employeur
,433,AUTRES ORGANISMES SOCIAUX
,4331,Mutuelle
,4331010,ONEM
,4331011,INPP
,438,ORGANISMES SOCIAUX-CHARGES A PAYER ET PRODUITS A RECEVOIR
,4381,Charges sociales sur gratifications a payer
,43810010,13eme mois (Gratification)
,4382,Charges sociales sur conges a payer
,43820011,Pecule de conge
,44,ETAT ET COLLECTIVITES PUBLIQUES
,441,ETAT ; IMPOTS SUR LE BENEFICES
,44110010,Impots sur le Benefice
,44120011,Impots sur le Resultat
,442,ETAT ; AUTRES IMPOTS ET TAXE
,4428,AUTRES IMPOTS ET TAXE
,44280010,DGRAD Redevance Eaux Naturelles
,44280010,Diverses Taxes
,443,ETAT ; TVA FACTUREE
,44341010,TVA FACTUREE SUR LA PRODUCTION LIVREE A SOI MEMES
,445,TVA  RECUPERABLE
,44521010,TVA RECUPERABLE SUR IMMOBILISATIONS
,44521010,TVA RECUPERABLE SUR  ACHATS
,44531010,TVA RECUPERABLE SUR TRANSPORT
,447,ETAT ; IMPOTS RETENUES A LA SOURCE
,4472,IMPOTS SUR SALAIRES
,44720010,I.P.R
,448,ETAT  CHARGES A PAYER ET PRODUITS A RECEVOIR
,4486,CHARGES A PAYER
,44860010,Amendes et penalites a payer
,449,ETAT ; CREANCES ET DETTES DIVERSES
,4492,ETAT AVANCE ET ACOMPTES SUR IMPOTS
,44920010,Acompte Provisionnel
,47,DEBITEURS  ET CREDITEURS  DIVERS
,471,COMPTE D ATTENTE
,4711,DEBITEURS  DIVERS
,47111010,Compte d attente
,476,CHARGES CONSTATEES D AVANCES
,47610010,Charges Constatee d avance
,477,PRODUITS CONSTATES D AVANCE
,47710010,Produits Constates d avance
,478,ECARTS DE CONVERSION ACTIF
,4781,DIMUNITION DES CREANCES
,47810010,Diminution des creances
,4782,AUGMENTATION DES DETTES
,47820010,Augmentation des dettes
,479,ECARTS DE CONVERSION PASSIF
,4791,DIMUNITION DES CREANCES
,47910010,Diminution des creances
,4792,AUGMENTATION DES DETTES
,47920010,Augmentation des dettes
,48,CREANCES ET DETTES  HORS ACTIVITE ORDINAIRE
,481,FOURNISSEURS D INVESTISSEMENT
,48111010,FOURNISSEURS IMMOBILISATIONS INCORPORELLES
,48121010,FOURNISSEURS IMMOBILISATIONS CORPORELLES
,48181010,FACTURES NON PARVENUES
,488,Autres Creances Hors Activites Ordinaires
,4881,?????????????
,48810010,Autres creances Hors Activite Ordinaire
,49,DEPRECIATION ET RISQUES PROVISIONNES (Tiers)
,491,DEPRECIATIONS DES COMPTES CLIENTS
,4911,Creances litigieuses
,49111010,Depreciation Impayes malades
,4912,Creances douteuses
,49121010,Depreciation creances Impayes malade
,499,RISQUES PROVISIONNES
,4991,Sur operations d exploitation
,49910010,Risques provisionnes d exploitation
,4997,Sur operations financieres
,49970010,Risques provisionnes financiers
,4998,Sur operations financieres
,49980010,Risques provisionnes H.A.O
,5,COMPTES DE TRESORERIE
,51,VALEURS A ENCAISSER
,513,Cheques a encaisser
,51311010,Cheques et OP a encaisser USD
,51311011,Cheques et OP a encaisser EURO
,51311012,Cheques et OP a encaisser CDF
,514,Cheques a l encaissement
,51411010,Cheques a l encaissement USD
,51411011,Cheques a l encaissement EURO
,51411012,Cheques a l encaissement CDF
,52,BANQUES
,521,Banques locales
,5211,Banques en Franc congolais
,52111010,BCDC CDF
,5212,Banques locales en Devises
,52121010,BCDC USD
,53,ETABLISSEMENTS FINANCIERS ET ASSIMILES
,536,Etablissements financiers ; assimiles
,53611010,Etablissements financiers ; assimiles
,538,Autres organismes financiers
,53811010,Autres organismes financiers
,56,BANQUES ; CREDIT DE TRESORERIE ET D ESCOMPTE
,561,Ligne de credit
,56110010,Ligne de credit
,57,CAISSE
,571,Caisse IMCK(HBB ;PAX )
,5711,Caisse en franc congolais
,57110010,Caisse Principale HBB CDF
,57110011,Caisse Auxiliaire HBB CDF
,57110012,Caisse Auxiliaire PAX CDF
,5712,Caisse en devises
,57120010,Caisse Principale HBB USD
,57120011,Caisse Auxiliaire HBB USD
,57120012,Caisse Auxiliaire PAX USD
,58,REGIES D AVANCES ; ACCREDITIFS ET VIREMENTS INTERNE
,585,Virement des fonds
,5851,Virement des fonds
,58511010,Virement des fonds Caisse Auxiliaire - Caisse Principale
,58511011,Virement des fonds Caisse Principale - Caisse Auxiliaire
,58511012,Virement des fonds Banque-Caisse
,58811598,Autres virements internes
,59,DEPRECIATIONS ET RISQUES PROVISIONNES
,592,Depreciation des comptes banques
,59210010,Depreciation des comptes banques
,593,Depreciation des comptes Etablissements financiers et assimiles
,59310010,Depreciation des comptes Etablissements financiers et assimiles
,599,Risques provisionnes a caractere financier
,59910010,Risques provisionnes a caractere financier
,6,COMPTES DES CHARGES DES ACTIVITES ORDINAIRES
,60,ACHATS ET VARIATIONS DE STOCKS
,601,ACHATS DE MARCHANDISES
,6011,Dans Region Ohada
,60111010,Achat Medicaments en comprimes
,60111011,Achat Medicaments en Sirop
,60111012,Achat Medicaments en Poudre et capsules
,60111013,Achat Injectables
,60111014,Achat Platres
,60111015,Achat Produits de Perfusion
,60191010,Rabais ; Remises et Ristournes obtenus sur obtenu
,602,ACHATS DES MATIERES PREMIERES ET FOURNITURES LIEES
,6021,Dans Region Ohada
,60211010,Achat Matieres pour Produits Perfusion
,60211011,Achat Matieres pour Produits Ophtamologiques
,60291010,Rabais ; Remises et Ristournes obtenus sur obtenu
,603,VARIATIONS DES STOCKS DE BIENS ACHETES
,6031,Variations des stocks de marchandises
,60310010,Medicaments en comprimes
,60310011,Medicaments en Sirop
,60310012,Medicaments en Poudre et capsules
,60310013,Medicaments en creme
,60310014,Injectables
,60310015,Platres
,60310016,Suppositoires
,60310017,Sondes
,60310018,Produits de Perfusion
,60310019,Produits Ophtamologiques
,6032,Variations des stocks de matieres premieres et fournitures liees
,60321010,Matieres pour Produits Perfusion
,60321011,Matieres pour Produits Ophtamologiques
,6033,Variations Stocks de matieres et fournitures consommables
,60331010,Equipements medicaux (gants ; blousons ;babouche ; cache nez ;...)
,60331011,Petits materiels et outillages medicaux (bistouri ; stetoscope ;seringue ;thermometres…)
,60331012,Carburants
,60331013,Lubrifiants
,60331014,Reactifs  Loboratoire
,60331015,Produits d entretien et de netoyage
,60331016,Fournitures de bureau
,60331017,Pieces de rechange
,604,ACHATS STOCKES DE MATIERES ET FOURNITURES CONSOMMABLES
,6041,Matieres consommables
,60411012,Achat Equipements medicaux (gants ; blousons ;babouche ; cache nez ;...)
,60411013,Achat Petits materiels et outillages medicaux  (bistouri ; cisaux ; stetoscope ;seringue ;thermometres ; Ouats…)
,60411014,Achat Carburants
,60411015,Achat Lubrifiants
,60411016,Achat Reactifs  Loboratoire
,60411017,Achat Fournitures electriques et soudures
,60411018,Achat Consommables Informatiques
,6043,Produits d entretien
,60431010,Achat Produits d entretien et de netoyage
,6044,Fournitures d atelier et d usine
,60441010,Achat Pieces de rechange
,6047,Fournitures de bureau
,60471010,Achat Fournitures de bureau
,60491010,Rabais ; Remises et Ristournes obtenus
,605,AUTRES ACHATS
,6051,Fournitures non stockables - EAU
,60511010,Eau
,6052,Fournitures non stockables - Electricite
,60521010,Electricite
,6053,Fournitures non stockables – AUTRES ENERGIES
,60531010,Achat Carburants
,60531011,Achat Lubrifiants
,6054,Fournitures d entretien non stockables
,60541010,Achat Produits d entretien et de netoyage
,6055,Fournitures de bureau non stockables
,60541010,Achat Fournitures de bureau
,6056,Achats de petit materiel et outillage
,60561010,Achat Equipements medicaux (gants ; blousons ;babouche ; cache nez ;...)
,60561011,Achat Petits materiels et outillages medicaux  (bistouri ; stetoscope ;seringue ;thermometres…)
,60561012,Achat Reactifs  Loboratoire
,60561013,Achat Pieces de rechange
,60561014,Achat Fournitures electriques et soudures
,60561015,Achat Consammables informatiques
,6057,Achats d etudes et prestations de services
,60571010,Achats services
,6058,Achats de travaux ; materiels et equipements
,60581010,Achat Equipements medicaux (gants ; blousons ;babouche ; cache nez ;...)
,60591010,Rabais ; Remises ; Ristournes obtenus
,61,TRANSPORTS
,6111,TRANSPORTS SUR ACHATS
,61111010,Transport sur Achat Marchandises
,61111011,Transport sur Achat Matiere Premieres et Fournitures liees
,61111012,Transport sur autres approvisionnements
,612,TRANSPORTS SUR VENTES
,6121,TRANSPORTS SUR VENTES
,61211010,Transport sur vente Marchandises
,614,TRANSPORTS DU PERSONNEL
,6141,Transport du Personnel
,61411010,Transport personnel
,616,TRANSPORTS DE PLIS
,6161,Frais courrier Express
,61611010,Frais courrier Express
,618,AUTRES FRAIS DE TRANSPORT
,6181,Voyages et Deplacements
,61811010,Voyage local
,61811011,Voyage a l exterieur du pays
,61811012,Fret d expedition Fournitures ; equipements et materiels
,6183,Transports administratifs
,61831010,Transports et courses de services
,61831011,Transport malades fistuleuses
,62,SERVICES EXTERIEURS A
,622,LOCATIONS ET CHARGES LOCATIVES
,6228,Locations et charges locatives diverses
,62281010,Locations et charges locatives diverses
,623,REDEVANCES DE CREDIT-BAIL ET CONTRATS ASSIMILES
,62321010,Credit-bail immobilier
,62331010,Credit-bail mobilier
,62351010,Contrats assimiles
,624,ENTRETIEN ; REPARATIONS ET MAINTENANCE
,6241,Entretien et reparations des biens immobiliers
,62411010,Entretien Terreain
,62411011,Entretien Batiments
,6242,Entretien et reparations des biens mobiliers
,62421010,Entretien et reparation materiels de bureau
,62421011,Entretien et reparation mobiliers de bureau
,62421012,Entretien LC mobility
,6243,Maintenance
,62431010,Maintenance logiciels
,62431011,Maintenance materiel informatique
,6248,Autres entretiens et reparations
,62481010,Entretien et reparation materiel informatique
,62481011,Entretien et reparation vehicules
,62481012,Entretien et reparation generateurs
,62481013,Entretien et reparation mobilier Guest House
,625,PRIMES D ASSURANCE
,6251,Assurances multirisques
,62511010,Assurance incendie
,6252,Assurances materiel de transport
,62521010,Assurance Vehicules
,62521011,Assurance Motos
,6256,Assurances transport sur achats
,62561010,Assurances transport sur achats
,6258,Autres primes d assurances
,62581010,Assurances responsabilite civile
,62581011,Assurance contre crime
,62581012,Assurance maladie
,628,FRAIS DE TELECOMMUNICATIONS
,6281,Frais de telephone
,62811010,Frais de Poste et Telecomunication
,6283,Frais de telecopie
,62831010,Frais de photocopie
,62831011,Frais photocopie-support cours
,63,SERVICES EXTERIEURS B
,631,FRAIS BANCAIRES
,6313,Location de coffres
,63131010,Location de coffre fort
,6318,Autres frais bancaires
,63181010,Frais bancaires
,632,Remuneration d intermediaires et Conseils
,6324,Honoraires
,63241010,Assistance comptable
,63241011,Honoraires audit
,63241012,Honoraire AVOCAT
,6325,Frais d actes et de contentieux
,63251010,Frais legaux et de justice
,6328,Divers frais
,63281010,Autres frais
,633,FRAIS DE FORMATION DU PERSONNEL
,63311010,Conferences & seminaires
,63311011,Frais de formation
,63311012,Frais de formation exterieure
,634,REDEVANCES POUR BREVETS ; LICENCES ; LOGICIELS ET DROITS SIMILAIRES
,6343,Redevances pour logiciels
,63431010,Redevances -logiciels
,638,AUTRES CHARGES EXTERNES
,6381,Frais de recrutement du personnel
,63811010,Frais de recrutement
,6382,Frais de demenagement
,63821010,Frais de demenagement
,6383,Receptions
,63831010,Frais de restauration
,6384,Missions
,63841010,Frais Hotel & restauration
,63841011,Perdiem
,64,IMPOTS ET TAXES
,641,IMPOTS ET TAXES DIRECTS
,6411,Impots fonciers et taxes annexes
,6411000,Permis de construction
,6418,Autres impots et taxes directs
,64181010,DGRAD Redevance Eaux Naturelles
,64181010,IERE
,64181011,Go pass/Taxe
,64181012,Taxe Statistique d embarquement
,646,Droits d enregistrement
,6463,Taxes sur les vehicules de societe
,64631010,Immatriculation Vehicules
,6464,Vignettes
,64641010,Vignettes Vehicule
,647,PENALITES ET AMENDES FISCALES
,6471,Penalites d assiette ; impots directs
,64711010,Penalites d assiette ; impots directs
,6472,Penalites d assiette ; impots indirects
,64721010,Penalites d assiette ; impots indirects
,6473,Penalites de recouvrement ; impots directs
,64731010,Penalites de recouvrement ; impots directs
,6474,Penalites de recouvrement ; impots indirects
,64741010,Penalites de recouvrement ; impots indirects
,6478,Autres amendes penales et fiscales
,64781010,Amendes et penalites
,648,AUTRES IMPOTS ET TAXES
,65,AUTRES CHARGES
,651,PERTES SUR CREANCES CLIENTS ET AUTRES DEBITEURS
,6511,Pertes sur creances Clients
,6511000001,Creances Irrecouvrables sur clients
,658,CHARGES DIVERSES
,6581,Jetons de presence et autres remunerations d administrateurs
,65811010,Conseil d Administration
,65811011,Autres remuneration d administrateurs
,6582,Dons
,65821010,Dons et liberalites
,6588,Autres charges Diverses
,65881010,Frais manutention
,65881011,Permis de conduire & Autres
,65881012,Activites sportives et culturelles
,65881013,Reunion & autres activites syndicales
,659,CHARGES PROVISIONNEES D EXPLOITATION
,6593,Charges provisionnees d exploitation  sur stocks
,65931010,Provisions pour stock obsolete
,6594,Charges provisionnees d exploitation sur creances
,65931010,Charges Provisionnees sur impayes malades
,66,CHARGES DE PERSONNEL
,661,REMUNERATIONS DIRECTES VERSEES AU PERSONNEL NATIONAL
,6611,Appointements salaires et commissions
,66110011,Remuneration Personnel
,6612,Primes et gratifications
,66121010,13eme Mois (Gratification)
,66121011,Primes
,6613,Conges payes
,66131010,Indemnite de conge
,6614,Indemnites de preavis ; de licenciement et de recherche d embauche
,66141010,Indemnites de preavis ; de licenciement et de recherche d embauche
,6615,Indemnites de maladie versees aux travailleurs
,66151010,Indemnites de maladie versees aux travailleurs
,6616,Supplement familial
,66161010,Allocations familiales legales
,6617,Avantages en nature
,66171010,Colis fin d annee
,6618,Autres remunerations directes
,66181010,Heures Supplementaires
,66181011,Salaires decompte final
,663,INDEMNITES FORFAITAIRES VERSEES AU PERSONNEL
,6631,Indemnites de logement
,66311010,Indemnites de logement
,6638,Autres indemnites et avantages divers
,66381010,Indemnite kilometrique
,66381011,Indemnite de transport
,66381012,Indemnite de transport Expatries
,66381013,Minerval enfants
,66381014,Aide mariage
,664,CHARGES SOCIALES
,6641,Charges sociales sur remuneration du personnel
,66411010,Cotisation INSS
,66411011,Cotisations INPP
,66411012,Cotisation ONEM
,66411013,Frais funeraires
,66411014,Voyage employes en conge
,66411015,Frais medicaux Personnel
,668,AUTRES CHARGES SOCIALES
,6681,Versements aux Syndicats et Comites d entreprise ; d etablissement
,66811010,Versements aux syndicats
,67,FRAIS FINANCIERS ET CHARGES ASSIMILEES
,671,INTERETS DES EMPRUNTS
,6712,Emprunts aupres des etablissements de credit
,67121010,Internet sur emprunt
,674,Autres interets
,6745,Interets bancaires et sur operations de tresorerie et d’escompte
,67451010,Interets bancaires
,6748,Interets sur dettes diverses
,67481010,Interet sur dettes
,676,PERTES DE CHANGE
,6761,A PRECISER
,67611010,Differences de change
,679,CHARGES PROVISIONNEES FINANCIERES
,6791,charges provisionnees financieres sur risques financiers
,67911010,Charges provisionnees - Difference de change financiere
,68,DOTATIONS AUX AMORTISSEMENTS
,681,DOTATIONS AUX AMORTISSEMENTS D EXPLOITATION
,6811,Dotations aux amortissements des charges immobilisees
,68111010,Dotations aux amortissements
,6812,Dotations aux amortissements des immobilisations incorporelles
,68121010,Dotation aux amortissements sur logiciels
,68121011,Dotation aux amortissements sur logiciels reevalues
,68122010,Dotation aux amortissements sur frais licence
,68122011,Dotation aux amortissements sur frais licence reevalue
,6813,Dotations aux amortissements des immobilisations corporelles
,68131010,Dotation aux amortissement Batiments
,68131011,Dotation aux amortissement Batiments reevalues
,68132010,Dotation aux amortissement Barrage et autres
,68132011,Dotation aux amortissement Barrage et autres reevalue
,68133010,Dotation aux amortissements des  materiels
,68133011,Dotation aux amortissements des materiels reevalues
,68134010,Dotation aux amortissement des mobiliers
,68134011,Dotation aux amortissements des mobiliers reevalues
,68135010,Dotation aux amortissements du materiel et mobilier d habitation
,68135011,Dotation aux amortissements du materiel et mobilier d habitation reevalue
,68136010,Dotation aux amortissements Vehicules
,68136011,Dotation aux amortissements vehicules reevalue
,68137010,Dotation aux amortissements Bicyclette ; Mobilette et moto
,68137011,Dotation aux amortissements Bicyclette ; Mobilette et moto reevalue
,68138010,Dotation aux amortissements des equipements
,68138011,Dotation aux amortissements des autres materiels reevalues
,69,DOTATIONS AUX PROVISIONS
,691,DOTATIONS AUX PROVISIONS D EXPLOITATION
,6911,Dotationx aux prov d expl pour risques et charges
,69111010,Provisions impots sur le Resultat
,69111011,Provision pour litige
,69111012,Provision pour decompte final (retraite)
,6912,Dotationx aux prov d expl pour grosses reparations
,69121010,Provisions pour grosse reparations
,69131010,Dotationx aux prov d expl pour depreciation des immobilisations incorporelles
,6914,Dotationx aux prov d expl pour depreciation des immobilisations corporelles
,69141010,Dotation aux prov Batiments
,69141011,Dotation aux prov Barrage et autres
,69141012,Dotation aux prov des  materiels
,69141013,Dotation aux prov des mobiliers
,69141014,Dotation aux prov du materiel et mobilier d habitation
,69141015,Dotation aux prov Vehicules
,69141016,Dotation aux prov Bicyclette ; Mobilette et moto
,69141017,Dotation aux prov des equipements
,697,DOTATIONS AUX PROVISIONS FINANCIERES
,6971,Dotations aux provisions financieres pour risques et charges
,69711010,Charges provisionnees - Difference de change financiere
,7,COMPTES DES PRODUITS DES ACTIVITES ORDINAIRES
,70,VENTES
,701,VENTES DE MARCHANDISES
,7011,Vente des medicaments dans la Region Ohada
,70111010,Vente Medicaments en comprimes
,70111011,Vente Medicaments en Sirop
,70111012,Vente Medicaments en creme
,70111013,Vente Medicaments en Poudre et Capsul
,70111014,Vente Injectables
,70111015,Vente Platres
,70111016,Vente Suppositoires
,70111017,Vente Sondes
,706,SERVICES VENDUS
,7061,Services vendus dans la Region ohada
,70611010,Consultation
,70611011,Optique
,70611012,Hospitalisation
,70611013,IMA Subsidy
,70611014,Frais (Frigo)
,70611015,Chirurgie
,70611016,Examen Labo
,70611017,Administration
,70611018,Accouchement PAX
,70611019,Imagerie Medicale
,70611020,Orl
,70611021,Perfusion
,70611022,Acouchement
,70611023,Soins infirmiers ambulatoires
,70611024,Greffes dermo-epidermiques
,70611025,Excisions
,70611026,Incisions
,70611027,Orthopedie
,70611028,Gynecologie
,70611029,Examen complementaire
,70611030,Laparatomie
,70611031,Obstetrique
,70611032,Traumatologie fractures
,70611033,Petite chirurgie sutures
,70611034,Urologie
,70611035,Stomatologie
,70611036,URGENCES
,71,71 SUBVENTIONS D EXPLOITATION
,718,AUTRES SUBVENTIONS D EXPLOITATION
,71811010,Autres subenventions d expl. Versees par l Etat et les collectivites publiques
,7182,Autres subenventions d expl.Versees par les organismes internationaux
,71821010,Versees par WOMEN S DEVELOPMENT
,71821011,Versees par AGRICULTURAL DEVELOPMENT
,71821012,Versees par NUTRITION REAB. (CN)
,71821013,Versees par INDIGENT CARE PROJECT
,71821014,Versees par TSHIKAJI HEALTH CENTER
,71821015,Versees par ORPHAN SCHOR EDUC PROJECT
,71821016,Versees par HMHC
,71821017,Versees par FISTULA PROJECT
,71821018,Versees par CERVICAL CANCER
,71821019,Versees par BCZS COM. HEALTH PROGRAM
,71821020,Versees par MOBILITY IN MISSION 0096AA-08
,71821021,Versees par SUPPORT OF THE NURSING SCHOOL
,71821022,Versees par WOMEN DEVELOPMENT
,71821023,Versees par ORPHAN SCHOLARSHIP
,71821024,Versees par MOTHER CARE BABY CARE
,71821025,Versees par C-GSH FISTULA REPAIR
,71821026,Versees par FOUNDERS CHAPEL
,71821027,Versees par MISSIONNARY HOUSING
,71821028,Versees par CHARITY FUNDS
,7183,Autres subenventions d expl. Versees par des tiers
,71831010,Versees par KAJIDI JONATHAN SCHOLARSHIP
,72,PRODUCTION IMMOBILISEE
,721,PRODUCTION IMMOBILISEE - IMMOBILISATIONS INCORPORELLES
,72111010,Production Immobilisee-Immobilisations Incorporelles
,722,PRODUCTION IMMOBILISEE - IMMOBILISATIONS CORPORELLES
,72211010,Production Immobilisee-Immobilisations Corporelles
,73,VARIATIONS DES STOCKS DE BIENS ET DE SERVICES PRODUITS
,736,Variation des Stocks des Produits Finis
,73611010,Variation des Produits de Perfusion
,73611011,Variation des Produits Ophtamologiques
,75,AUTRES PRODUITS
,754,PRODUITS DES CESSIONS D IMMOBILISATIONS
,75411010,Produits des Cessions d Immobilisations
,758,PRODUITS DIVERS
,7581,Jetons de presence et autres remunerations d administrateurs
,75811010,Jeton de presence
,75811011,Autres remunerations d administrateurs
,7582,Indemnites d’assurances recues
,75821010,Indemnites d’assurances recues
,7588,Autres Produits divers
,75881010,Autres revenus
,759,REPRISES DE CHARGES PROVISIONNEES D EXPLOITATION
,7593,Reprises de charges provisionnees sur stocks
,75931010,Reprise des charges provisionnees pour stocks obsolete
,7594,Reprises de charges provisionnees sur creances
,75941010,Reprise de charges provisionnees sur creances impayees
,7598,Reprises sur autres charges provisionnees
,77,REVENUS FINANCIERS ET PRODUITS ASSIMILES
,771,INTERETS DE PRETS
,77111010,Interets de Prets
,773,ESCOMPTES OBTENUS
,77311010,Escomptes obtenus
,776,GAINS DE CHANGE
,77611010,Gain de change
,779,REPRISES DE CHARGES PROVISIONNEES FINANCIERES
,7791,Reprises de charges provisionnees financieres sur risques financiers
,77911010,Charges provisionnees - Difference de change financiere
,7798,Reprises de charges provisionnees financieres autres charges provisionnees financieres
,77981010,Reprise des autres charges provisionnees financieres
,78,TRANSFERTS DE CHARGES
,781,TRANSFERTS DE CHARGES D EXPLOITATION
,78111010,Transfert de charges d exploitation
,787,TRANSFERTS DE CHARGES FINANCIERES
,78711010,Transfert de charges financieres
,79,REPRISES DE PROVISIONS
,791,REPRISES DE PROVISIONS D EXPLOITATION
,7911,Reprise de provision d exploitation pour risques et charges
,79111010,Provisions impots sur le Resultat
,79111011,Provision pour litige
,79111012,Provision pour decompte final (retraite)
,7912,Reprise de provision d exploitation pour grosses reparations
,79121010,Reprise de provisipon d exploitation pour grosse reparation
,79131010,Reprise de provision d exploitation pour depreciation des immobilisations incorporelles
,7914,Reprise de provision d exploitation pour depreciation des immobilisations corporelles
,79141010,Reprise de provision pour depreciation Batiments
,79141011,Reprise de provision pour depreciation Barrage et autres
,79141012,Reprise de provision pour depreciations des  materiels
,79141013,Reprise de provision pour depreciation des mobiliers
,79141014,Reprise de provision pour depreciations du materiel et mobilier d habitation
,79141015,Reprise de provision pour depreciations Vehicules
,79141016,Reprise de provision pour depreciations Bicyclette ; Mobilette et moto
,79141017,Reprise de provision pour depreciations des equipements
,797,REPRISES DE PROVISIONS FINANCIERES
,7971,Reprises de provisions financieres pour risques et charges
,79711010,Reprises de provisions financieres pour risques et charges
,8,COMPTES DES AUTRES CHARGES ET DES AUTRES PRODUITS
,81,VALEURS COMPTABLE DES CESSIONS D IMMOBILISATIONS
,81111010,Immobilisations incorporelles
,81211010,Immobilisations corporelles
,81611010,Immobilisations financieres
,82,PRODUITS DES CESSIONS D IMMOBILISATIONS
,82111010,Immobilisations incorporelles
,82211010,Immobilisations corporelles
,82611010,Immobilisations financieres
,83,CHARGES HORS ACTIVITES ORDINAIRES
,83111010,Charges HAO constatees
,83411010,Pertes sur creances HAO
,83511010,Dons et liberalites accordes
,83611010,Abandons de creances consentis
,83911010,Charges provisionnees HAO
,84,PRODUITS HORS ACTIVITES ORDINAIRES
,84111010,Produits Hors activites ordinaires constates
,84511010,Dons et liberalites obtenus
,84611010,Abandons des creances obtenus
,84811010,Transferts des charges HAO
,84911010,Reprises de charges Hors activites ordinaires
,85,DOTATIONS HORS ACTIVITES ORDINAIRES
,85211010,Dotations aux amortissements HAO
,85311010,Dotations aux provisions pour depreciation HAO
,85411010,Dotations aux provisions pour risques et charges HAO
,85811010,Autres dotations HAO
,86,REPRISES HORS ACTIVITES ORDINAIRES
,86211010,Reprises d amortisements HAO
,86311010,Reprises des provisions pour depreciation HAO
,86411010,Reprises des provisions pour risques et charges HAO
,86511010,Reprises de subventions d investissement
,86811010,Autres reprises HAO
,88,SUBVENTIONS D EQUILIBRE
,88111010,Etat
,88211010,Collectivites pulique
,88411010,Groupe
,88811010,Autres
,89,IMPOTS SUR LE RESULTAT
,89111010,Impots sur les benefices de l exercice
,89211010,Rappels d impots sur resultats anterieurs
,89511010,Impot minimum forfaitaire
,89911010,Degrevements et annulations d impots sur resultats anterieurs

,40112010,FONDS ITM CDF
,40112011,CSBB (Ecole Primaire)
,40112012,Guest Departement
,40112013,FONDS ITM USD
,40112014,Ecole Maternelle IMCK
,40112015,PAROISSE IMCK/Tshikaji
,40112016,Loyers Habitations
,40112017,FONDS CENTRE NUTRITION
,40112018,GUEST HOUSE
,40112019,CENTRE KATUAMBI
,40112020,MR BOPE
,40112021,MR ILUNGA KABEYA
,40112022,DR MIMBIE MARLENE
,40112023,THABITHA MARIE MULANGA DORCAS
,40112024,MARCIA/SM AGENTS
,40112025,CLINIQUE DENTAIRE
,40112026,C.N.E (COMM.NAT.DE L ENERGIE)
,40112027,HOPITAL BULAPE
,40112028,ECOLE
,40112029,PROJET SANTE BIBLE
,40112030,VENTE BIBLE
,40112031,KAMWANDU TSH. & FRERES
,40112032,CHRISMA
,40112033,CACOSME ACTION SOCIALE
,40112034,FRS PERFECTIONNEMENT
,40112035,ISTM TSHIKAJI USD
,40112036,FONDS C.D. USD
,40112037,FONDS C.D. CDF
,40112038,MARCIA MURRAY
,40112039,FONDS RENOVATION CLIN DENTAIRE
,40112040,FONDS OPHTAMOLOGIE
,40112041,CENTRE MEDICAL D ETUDES
,40112042,FAMILLE PAST.KATENDE/PREFET M
,40112043,MORGUE
,40112044,REFECTOIRE CME (Loyer)
,40112045,SUPPORT PAX FIELD
,40112046,FUNDS FOR PAX CLINIC SOLAR
,40112047,FONDS FROM UPC/KIN
,40112048,CINQUANTIEMME ANNIVERSAIRE IMCK
,40112049,PLCK
,41111048,IMPROKA
,41111049,UPRECO
,41111050,ISTM TSHIKAJI
,41111051,DGRAD DIR.PROV
,41111052,CENTRE MPOKOLO WA MOYO
,41111053,HOPITAL LUEBO
,41111054,SANRU FONDS MONDIAL
,41112010,Z.S.R Tshikaji
,41112011,ECOH 320402 SANTE
,41112012,PANALPINA
,41112013,ECOH/FISTULE
,41112014,GUEST HOUSE
,41112015,JOHAN Venken
,41112016,Clinique Dentaire
,41112017,C.N.E (COMM. NAT. DE L ENERGIE)
,41112018,CENTRE DE SANTE KAMUKUNGA
,41112019,SANRU III
,41112020,MR INGOLE BUTULI
,41112021,KALONJI MATADI
,41112022,EGLISE MINISTERE D ACTION
,41112023,JOHN BIMVULU KABIBU
,41112024,FONDS PROJETS CHAPELLE RULES
,41112025,FONDS MBF SALLE D OPERATION
,41112026,HOPITAL LUBONDANJI
,41112027,MBUYI ELAMENJI
,41112028,PLCK
,41112029,HOPITAL LUEBO
,41112030,E.P. MUSASA 2
,41112031,RENEVATION HYDROELECTRIC SYST
,41112032,LUKENGU NGALAMULUME
,41112033,BCZS/Tshikaji
,41112034,ETS TAKAS
,41112035,I.S.T.M/Tshikaji
,41112036,BOURSE KAJIDI TSHIBUABUA
,41112037,SEWING SCHOLL
,41112038,NDALA TSHITENGE (ITM)
,41112039,FONDS ITM FROM PCUSA
,41112040,FONDS ISTM/MBF
,41112041,FONDS RENOVATION PAX
,41112042,BOURSE BATENA
,41112043,FONDS RENOVATION HYDRO
,41112044,DEPARTEMENT MEDICAL
,41112045,BICYCLE
,41112046,FONDS CLINIQUE DENTAIRE PCUSA
,41112047,FONDS SCHOLARCHIP DIRECTOR
,41112048,FONDS D EXPLOITATION
,41112049,CENTRE DE NUTRITION
,49121010,Depreciation sur Creances impayees
,41610010,Creances impayees
,58511013,Virement des fonds Banque-Caisse Principale CDF
,58511014,Virement des fonds Caisse Auxiliaire - Caisse Principale CDF
,65881014,Depenses Guest House
,65931011,Charges provisionees creances impayees
,75881011,Produits d Hebergement Guest House
,75881012,Produits alimentaires Guest House

