AccountId,AccountNum,AccountName,Budget,Balance,Gap Surplus,Gap Deficit,IMCK 2014,IMCK 2015,Type
3161,2147483647,Creances Irrecouvrables sur clients,0,0,0,0,0,0,income/expense,
1675,6,COMPTES DES CHARGES ET PERTES PAR NATURE,,,0,0,,,title,
2956,6,COMPTES DES CHARGES DES ACTIVITES ORDINAIRES,,,0,0,,,title,
1676,60,STOCKS VENDUS,,,0,0,,,title,
2957,60,ACHATS ET VARIATIONS DE STOCKS,,,0,0,,,title,
1677,60011100,Antidote,0,0,0,0,0,0,income/expense,
1678,60011101,Tension artérielle,0,0,0,0,0,0,income/expense,
1679,60011102,Diurétiques,0,0,0,0,0,0,income/expense,
1680,60011103,Système cardiovasculaire,0,0,0,0,0,0,income/expense,
1681,60011104,Médicaments hématologiques,0,0,0,0,0,0,income/expense,
1682,60011105,Maladies métaboliques,0,0,0,0,0,0,income/expense,
1683,60011106,Système gastro-intestinal,0,0,0,0,0,0,income/expense,
1684,60011107,Spasmolytiques,0,0,0,0,0,0,income/expense,
1685,60011108,"Médicaments pour le foie la vésicule et le pancréas",0,0,0,0,0,0,income/expense,
1686,60011109,"antiémetiques laxatifs et anti diarrhéiques",0,0,0,0,0,0,income/expense,
1687,60011110,système uro-génital,0,0,0,0,0,0,income/expense,
1688,60011111,système respiratoire,0,0,0,0,0,0,income/expense,
1689,60011112,Analgésiques  - Antipyrétiques -Ains,0,0,0,0,0,0,income/expense,
1690,60011113,Analgésiques morphiniques et  stupefiants (nt) (pt),0,0,0,0,0,0,income/expense,
1691,60011114,"Psychotropes hypnotiques sédatifs anxiolytiques",0,0,0,0,0,0,income/expense,
1692,60011115,antiépileptiques et anticoparilsivants,0,0,0,0,0,0,income/expense,
1693,60011116,antiallergiques,0,0,0,0,0,0,income/expense,
1694,60011117,Glucocorticoides,0,0,0,0,0,0,income/expense,
1695,60011118,Médicaments de la Thyroïde,0,0,0,0,0,0,income/expense,
1696,60011119,Hormones sexuelles et contraceptions,0,0,0,0,0,0,income/expense,
1697,60011120,Médicaments du diabète,0,0,0,0,0,0,income/expense,
1698,60011121,Médicaments anti-malaria,0,0,0,0,0,0,income/expense,
1699,60011122,Antibiotiques beta-lactames,0,0,0,0,0,0,income/expense,
1700,60011123,Antibiotiques non beta-lactames,0,0,0,0,0,0,income/expense,
1701,60011124,Antituberculeux-antilepreux,0,0,0,0,0,0,income/expense,
1702,60011125,Médicaments antimycosiques,0,0,0,0,0,0,income/expense,
1703,60011126,"Médicaments antihelminthiques tilaires",0,0,0,0,0,0,income/expense,
1704,60011127,Médicaments antiviraux,0,0,0,0,0,0,income/expense,
1705,60011128,"Vaccins immunoglobulines et sérums",0,0,0,0,0,0,income/expense,
1706,60011129,Médicaments antitumoraux et immunodépresseurs,0,0,0,0,0,0,income/expense,
1707,60011130,"Minéraux vitamines et toniques",0,0,0,0,0,0,income/expense,
1708,60011131,Médicaments à usage dermatologique,0,0,0,0,0,0,income/expense,
1709,60011132,Médicaments à usage ophtalmique,0,0,0,0,0,0,income/expense,
1710,60011133,Médicaments à usage otique,0,0,0,0,0,0,income/expense,
1711,60011134,Médicaments des affections bucco-pharyngées,0,0,0,0,0,0,income/expense,
1712,60011135,Médicaments des affections vulvo-vaginales,0,0,0,0,0,0,income/expense,
1713,60011138,Médicaments agissant sur la musculature utérine,0,0,0,0,0,0,income/expense,
1714,60011139,fluides IV et substituts du plasma,0,0,0,0,0,0,income/expense,
1715,60011140,tests diagnostiques et bandelettes diagnostiques,0,0,0,0,0,0,income/expense,
1716,60011159,Consommables d'urologie,0,0,0,0,0,0,income/expense,
1717,60011171,Consommables des soins,0,0,0,0,0,0,income/expense,
1718,60011172,Gants,0,0,0,0,0,0,income/expense,
1719,60011174,consommables de suture,0,0,0,0,0,0,income/expense,
1720,60011175,"Séringues aiguilles catheters et set",0,0,0,0,0,0,income/expense,
1721,60011176,"Tubes endotracheaux aspiration alimentations et drains thoraciques",0,0,0,0,0,0,income/expense,
1722,60011189,Consommables de Traumatologie,0,0,0,0,0,0,income/expense,
2958,601,ACHATS DE MARCHANDISES,,,0,0,,,title,
2959,6011,Dans Region Ohada,,,0,0,,,title,
2256,60111000,A preciser,0,0,0,0,0,0,income/expense,
2960,60111010,Achat Medicaments en comprimes,0,0,0,0,0,0,income/expense,
2961,60111011,Achat Medicaments en Sirop,0,0,0,0,0,0,income/expense,
2962,60111012,Achat Medicaments en Poudre et capsules,0,0,0,0,0,0,income/expense,
2963,60111013,Achat Injectables,0,0,0,0,0,0,income/expense,
2964,60111014,Achat Platres,0,0,0,0,0,0,income/expense,
2965,60111015,Achat Produits de Perfusion,0,0,0,0,0,0,income/expense,
3549,60111016,Achat Medicaments en Creme,0,0,0,0,0,0,balance,
3550,60111017,Achat Suppositoires,0,0,0,0,0,0,balance,
2966,60191010,Rabais ; Remises et Ristournes obtenus sur obtenu,0,0,0,0,0,0,income/expense,
2967,602,ACHATS DES MATIERES PREMIERES ET FOURNITURES LIEES,,,0,0,,,title,
2968,6021,Dans Region Ohada,,,0,0,,,title,
1723,60211000,A preciser,0,0,0,0,0,0,income/expense,
1723,60211000,A preciser,0,0,0,0,0,0,income/expense,
2969,60211010,Achat Matieres pour Produits Perfusion,0,0,0,0,0,0,income/expense,
2970,60211011,Achat Matieres pour Produits Ophtamologiques,0,0,0,0,0,0,income/expense,
2971,60291010,Rabais ; Remises et Ristournes obtenus sur obtenu,0,0,0,0,0,0,income/expense,
2972,603,VARIATIONS DES STOCKS DE BIENS ACHETES,,,0,0,,,title,
2973,6031,Variations des stocks de marchandises,,,0,0,,,title,
2974,60310010,Medicaments en comprimes,0,0,0,0,0,0,income/expense,
2975,60310011,Medicaments en Sirop,0,0,0,0,0,0,income/expense,
2976,60310012,Medicaments en Poudre et capsules,0,0,0,0,0,0,income/expense,
2977,60310013,Medicaments en creme,0,0,0,0,0,0,income/expense,
2978,60310014,Injectables,0,0,0,0,0,0,income/expense,
2979,60310015,Platres,0,0,0,0,0,0,income/expense,
2980,60310016,Suppositoires,0,0,0,0,0,0,income/expense,
2981,60310017,Sondes,0,0,0,0,0,0,income/expense,
2982,60310018,Produits de Perfusion,0,0,0,0,0,0,income/expense,
2983,60310019,Produits Ophtamologiques,0,0,0,0,0,0,income/expense,
3555,60310020,Externes,0,0,0,0,0,0,income/expense,
2984,6032,Variations des stocks de matieres premieres et fournitures liees,,,0,0,,,title,
2985,60321010,Matieres pour Produits Perfusion,0,0,0,0,0,0,income/expense,
2986,60321011,Matieres pour Produits Ophtamologiques,0,0,0,0,0,0,income/expense,
2987,6033,Variations Stocks de matieres et fournitures consommables,,,0,0,,,title,
2988,60331010,Equipements medicaux (gants ; blousons ;babouche ; cache nez ;...),0,0,0,0,0,0,income/expense,
2989,60331011,Petits materiels et outillages medicaux (bistouri ; stetoscope ;seringue ;thermometres?),0,0,0,0,0,0,income/expense,
2990,60331012,Carburants,0,0,0,0,0,0,income/expense,
2991,60331013,Lubrifiants,0,0,0,0,0,0,income/expense,
2992,60331014,Reactifs  Loboratoire,0,0,0,0,0,0,income/expense,
2993,60331015,Produits d entretien et de netoyage,0,0,0,0,0,0,income/expense,
2994,60331016,Fournitures de bureau,0,0,0,0,0,0,income/expense,
2995,60331017,Pieces de rechange,0,0,0,0,0,0,income/expense,
2996,604,ACHATS STOCKES DE MATIERES ET FOURNITURES CONSOMMABLES,,,0,0,,,title,
2997,6041,Matieres consommables,,,0,0,,,title,
2998,60411012,Achat Equipements medicaux (gants ; blousons ;babouche ; cache nez ;...),0,0,0,0,0,0,income/expense,
2999,60411013,Achat Petits materiels et outillages medicaux  (bistouri ; cisaux ; stetoscope ;seringue ;thermometres ; Ouats?),0,0,0,0,0,0,income/expense,
3000,60411014,Achat Carburants,0,0,0,0,0,0,income/expense,
3001,60411015,Achat Lubrifiants,0,0,0,0,0,0,income/expense,
3002,60411016,Achat Reactifs  Loboratoire,0,0,0,0,0,0,income/expense,
3003,60411017,Achat Fournitures electriques et soudures,0,0,0,0,0,0,income/expense,
3004,60411018,Achat Consommables Informatiques,0,0,0,0,0,0,income/expense,
3569,60411019,Achat unite de sang,0,0,0,0,0,0,income/expense,
3595,60411020,Achat produits Radio,0,0,0,0,0,0,income/expense,
3005,6043,Produits d entretien,,,0,0,,,title,
3006,60431010,Achat Produits d entretien et de netoyage,0,0,0,0,0,0,income/expense,
3007,6044,Fournitures d atelier et d usine,,,0,0,,,title,
3008,60441010,Achat Pieces de rechange,0,0,0,0,0,0,income/expense,
3009,6047,Fournitures de bureau,,,0,0,,,title,
3010,60471010,Achat Fournitures de bureau,0,0,0,0,0,0,income/expense,
3011,60491010,Rabais ; Remises et Ristournes obtenus,0,0,0,0,0,0,income/expense,
3012,605,AUTRES ACHATS,,,0,0,,,title,
3013,6051,Fournitures non stockables - EAU,,,0,0,,,title,
3014,60511010,Eau,0,0,0,0,0,7700,income/expense,
3015,6052,Fournitures non stockables - Electricite,,,0,0,,,title,
3016,60521010,Electricite,0,0,0,0,0,0,income/expense,
3017,6053,Fournitures non stockables ? AUTRES ENERGIES,,,0,0,,,title,
3018,60531010,Achat Carburants,0,0,0,0,0,0,income/expense,
3019,60531011,Achat Lubrifiants,0,0,0,0,0,0,income/expense,
3020,6054,Fournitures d entretien non stockables,,,0,0,,,title,
3021,60541010,Achat Produits d entretien et de netoyage,0,0,0,0,0,0,income/expense,
3023,60541010,Achat Fournitures de bureau,0,0,0,0,0,0,income/expense,
3022,6055,Fournitures de bureau non stockables,,,0,0,,,title,
3024,6056,Achats de petit materiel et outillage,,,0,0,,,title,
3025,60561010,Achat Equipements medicaux (gants ; blousons ;babouche ; cache nez ;...),0,0,0,0,0,0,income/expense,
3026,60561011,Achat Petits materiels et outillages medicaux  (bistouri ; stetoscope ;seringue ;thermometres?),0,0,0,0,0,0,income/expense,
3027,60561012,Achat Reactifs  Loboratoire,0,0,0,0,0,0,income/expense,
3028,60561013,Achat Pieces de rechange,0,0,0,0,0,0,income/expense,
3029,60561014,Achat Fournitures electriques et soudures,0,0,0,0,0,0,income/expense,
3030,60561015,Achat Consammables informatiques,0,0,0,0,0,0,income/expense,
3575,60561016,Achat unite de sang,0,0,0,0,0,0,income/expense,
3584,60561017,Achat Fournitures de plomberie,0,0,0,0,0,0,income/expense,
3596,60561018,Achat produits Rx,0,0,0,0,0,0,income/expense,
3031,6057,Achats d etudes et prestations de services,,,0,0,,,title,
3032,60571010,Achats services,0,0,0,0,0,0,income/expense,
3033,6058,Achats de travaux ; materiels et equipements,,,0,0,,,title,
3034,60581010,Achat Equipements medicaux (gants ; blousons ;babouche ; cache nez ;...),0,0,0,0,0,0,income/expense,
3035,60591010,Rabais ; Remises ; Ristournes obtenus,0,0,0,0,0,0,income/expense,
3036,61,TRANSPORTS,,,0,0,,,title,
1724,611,CONSOMMATIONS FOURNITURES,,,0,0,,,title,
3037,6111,TRANSPORTS SUR ACHATS,,,0,0,,,title,
1725,61111000,A preciser,0,0,0,0,0,0,income/expense,
3038,61111010,Transport sur Achat Marchandises,0,0,0,0,0,0,income/expense,
3039,61111011,Transport sur Achat Matiere Premieres et Fournitures liees,0,0,0,0,0,0,income/expense,
3040,61111012,Transport sur autres approvisionnements,0,0,0,0,0,0,income/expense,
1726,61111129,REPAS MALADES FISTULEUSES,0,0,0,0,0,0,income/expense,
1728,61111136,Anesthésiques locaux,0,0,0,0,0,0,income/expense,
1730,61111137,Anesthésiques généraux et médicaments préopératoires,0,0,0,0,0,0,income/expense,
1731,61111141,TESTS DIAGNOSTIQUES ET BANDELETTES DIAGNOSTIQUES,0,0,0,0,0,0,income/expense,
1732,61111142,MATERIEL ET EQUIPEMENT DE LABORATOIRE,0,0,0,0,0,0,income/expense,
1733,61111143,Réactifs de laboratoire,0,0,0,0,0,0,income/expense,
1734,61111144,Consommable de laboratoire,0,0,0,0,0,0,income/expense,
1735,61111145,Bactériologie : Coloration,0,0,0,0,0,0,income/expense,
1736,61111146,Chaine de froid,0,0,0,0,0,0,income/expense,
1737,61111147,Matériel et équipement de Microscope,0,0,0,0,0,0,income/expense,
1738,61111148,Consommables de microscopie,0,0,0,0,0,0,income/expense,
1739,61111149,Bactériologie : milieux de culture,0,0,0,0,0,0,income/expense,
1740,61111152,Vetements professionnels,0,0,0,0,0,0,income/expense,
1741,61111158,Matériel et équipement d'urologie,0,0,0,0,0,0,income/expense,
1742,61111160,Matériel et équipement de stérilisation,0,0,0,0,0,0,income/expense,
1743,61111161,Consommables de stérilisation,0,0,0,0,0,0,income/expense,
1744,61111165,Matériels et équipement d'imagerie médicale et ECG,0,0,0,0,0,0,income/expense,
1745,61111166,Consommables d'imagerie médicale et ECG Service,0,0,0,0,0,0,income/expense,
1746,61111170,Matériel et équipement de soins,0,0,0,0,0,0,income/expense,
1747,61111173,GANTS NON STERILES,0,0,0,0,0,0,income/expense,
1748,61111180,Matériel et équipement de diagnostic,0,0,0,0,0,0,income/expense,
1749,61111181,Matériel de Traitement et de Procedures operatoires,0,0,0,0,0,0,income/expense,
1750,61111183,"Désinfectants antiseptiques et purification de l'eau",0,0,0,0,0,0,income/expense,
1751,61111184,Kits,0,0,0,0,0,0,income/expense,
1752,61111185,Matériel de Pharmacie,0,0,0,0,0,0,income/expense,
1753,61111186,Consommables de Pharmacie,0,0,0,0,0,0,income/expense,
1754,61111187,Matériel d'Anesthésie et de Réanimation,0,0,0,0,0,0,income/expense,
1755,61111188,Materiel de Traumatologie,0,0,0,0,0,0,income/expense,
1727,61112170,PRODUITS ALIMENTAIRES,0,0,0,0,0,0,income/expense,
1729,61112180,PRODUITS ALIMENTAIRES GUEST HOUSE,0,0,0,0,0,0,income/expense,
1729,61112180,PRODUITS ALIMENTAIRES GUEST HOUSE,0,0,0,0,0,0,income/expense,
1756,61112180,PRODUITS ALIMENTAIRES GUEST HOUSE,0,0,0,0,0,0,income/expense,
1757,61121600,A preciser,0,0,0,0,0,0,income/expense,
1757,61121600,A preciser,0,0,0,0,0,0,income/expense,
2254,61121700,A preciser,0,0,0,0,0,0,income/expense,
3041,612,TRANSPORTS SUR VENTES,,,0,0,,,title,
3042,6121,TRANSPORTS SUR VENTES,,,0,0,,,title,
3043,61211010,Transport sur vente Marchandises,0,0,0,0,0,0,income/expense,
1758,61311000,A preciser,0,0,0,0,0,0,income/expense,
1758,61311000,A preciser,0,0,0,0,0,0,income/expense,
1759,61311150,Matériel et équipement administratif,0,0,0,0,0,0,income/expense,
1760,61311151,Consommables administratifs,0,0,0,0,0,0,income/expense,
1761,614,CARBURANT ET LUBRIFIANT,,,0,0,,,title,
3044,614,TRANSPORTS DU PERSONNEL,,,0,0,,,title,
1762,61401000,A preciser,0,203.77,0,203.77,0,0,income/expense,
1762,61401000,A preciser,0,0,0,0,0,0,income/expense,
1763,6141,A preciser,,,0,0,,,title,
3045,6141,Transport du Personnel,,,0,0,,,title,
1764,61411000,Carburant,0,0,0,0,0,0,income/expense,
1764,61411000,Carburant,0,0,0,0,0,0,income/expense,
3046,61411010,Transport personnel,0,0,0,0,0,0,income/expense,
1765,61411100,Lubrifiant,0,0,0,0,0,0,income/expense,
1766,61411200,Moto recouvrement,0,0,0,0,0,0,income/expense,
2240,61421110,A preciser,0,0,0,0,0,0,income/expense,
1768,61431350,IMCK LC,0,0,0,0,0,0,income/expense,
1767,61461350,Mobility in mission,0,0,0,0,0,0,income/expense,
1769,615,EAU ET ELECTRICITE,,,0,0,,,title,
1770,6156,a preciser,,,0,0,,,title,
1771,61561000,Eau,0,0,0,0,3000,3000,income/expense,
1772,61561100,Electricité,0,0,0,0,0,2500,income/expense,
3047,616,TRANSPORTS DE PLIS,,,0,0,,,title,
1773,61601000,A preciser,0,0,0,0,0,0,income/expense,
1773,61601000,A preciser,0,0,0,0,0,0,income/expense,
1774,61601010,A preciser,0,0,0,0,0,0,income/expense,
1774,61601010,A preciser,0,0,0,0,0,0,income/expense,
1775,61601182,Consommable et matériel d'entretien hospitalier,0,0,0,0,0,0,income/expense,
3048,6161,Frais courrier Express,,,0,0,,,title,
3049,61611010,Frais courrier Express,0,0,0,0,0,0,income/expense,
1776,618,PIECES DE RECHANGE,,,0,0,,,title,
3050,618,AUTRES FRAIS DE TRANSPORT,,,0,0,,,title,
3051,6181,Voyages et Deplacements,,,0,0,,,title,
3052,61811010,Voyage local,0,0,0,0,0,0,income/expense,
3053,61811011,Voyage a l exterieur du pays,0,0,0,0,0,0,income/expense,
3054,61811012,Fret d expedition Fournitures ; equipements et materiels,0,0,0,0,0,0,income/expense,
3581,61811013,Frais de transfert d'argent,0,0,0,0,0,0,income/expense,
3055,6183,Transports administratifs,,,0,0,,,title,
3056,61831010,Transports et courses de services,0,0,0,0,0,0,income/expense,
3057,61831011,Transport malades fistuleuses,0,0,0,0,0,0,income/expense,
3571,61831012,Transport DPI DGRAD et autres,0,0,0,0,0,0,income/expense,
1777,61831350,IMCK LC 00,0,0,0,0,0,0,income/expense,
1778,61861350,Mobility in mission 0098,0,0,0,0,0,0,income/expense,
1779,61871000,Pièces de rechange LC,0,0,0,0,0,0,income/expense,
1779,61871000,Pièces de rechange LC,0,0,0,0,0,0,income/expense,
1780,61871100,Groupe électrogène,0,0,0,0,0,0,income/expense,
1781,61871200,Moto recouvrement,0,0,0,0,0,0,income/expense,
1782,61871300,Hydro,0,0,0,0,0,0,income/expense,
1783,61900100,AUTRES FOURNITURES,0,0,0,0,0,0,income/expense,
1783,61900100,AUTRES FOURNITURES,0,0,0,0,0,0,income/expense,
1784,61901000,PETIT MATERIEL ET MOBILIER,0,0,0,0,0,0,income/expense,
3058,62,SERVICES EXTERIEURS A,,,0,0,,,title,
1785,621,TRANSPORT CONSOMME,,,0,0,,,title,
1786,62101000,Transport personnel,0,0,0,0,0,0,income/expense,
1786,62101000,Transport personnel,0,0,0,0,0,0,income/expense,
1787,62111129,Transport malades fistuleuses,0,0,0,0,0,0,income/expense,
3059,622,LOCATIONS ET CHARGES LOCATIVES,,,0,0,,,title,
3060,6228,Locations et charges locatives diverses,,,0,0,,,title,
3061,62281010,Locations et charges locatives diverses,0,0,0,0,0,0,income/expense,
1788,623,AUTRES FRAIS DE TRANSPORT,,,0,0,,,title,
3062,623,REDEVANCES DE CREDIT-BAIL ET CONTRATS ASSIMILES,,,0,0,,,title,
1789,62301000,Déplacements et voyages,0,0,0,0,0,0,income/expense,
1789,62301000,Déplacements et voyages,0,0,0,0,0,0,income/expense,
3063,62321010,Credit-bail immobilier,0,0,0,0,0,0,income/expense,
3064,62331010,Credit-bail mobilier,0,0,0,0,0,0,income/expense,
3065,62351010,Contrats assimiles,0,0,0,0,0,0,income/expense,
3066,624,ENTRETIEN ; REPARATIONS ET MAINTENANCE,,,0,0,,,title,
3067,6241,Entretien et reparations des biens immobiliers,,,0,0,,,title,
3068,62411010,Entretien Terreain,0,0,0,0,0,0,income/expense,
3069,62411011,Entretien Batiments,0,0,0,0,0,0,income/expense,
3070,6242,Entretien et reparations des biens mobiliers,,,0,0,,,title,
3071,62421010,Entretien et reparation materiels de bureau,0,0,0,0,0,0,income/expense,
3072,62421011,Entretien et reparation mobiliers de bureau,0,0,0,0,0,0,income/expense,
3073,62421012,Entretien LC mobility,0,0,0,0,0,0,income/expense,
3074,6243,Maintenance,,,0,0,,,title,
3075,62431010,Maintenance logiciels,0,0,0,0,0,0,income/expense,
3076,62431011,Maintenance materiel informatique,0,0,0,0,0,0,income/expense,
3077,6248,Autres entretiens et reparations,,,0,0,,,title,
3078,62481010,Entretien et reparation materiel informatique,0,0,0,0,0,0,income/expense,
3079,62481011,Entretien et reparation vehicules,0,0,0,0,0,0,income/expense,
3080,62481012,Entretien et reparation generateurs,0,0,0,0,0,0,income/expense,
3081,62481013,Entretien et reparation mobilier Guest House,0,0,0,0,0,0,income/expense,
3563,62481014,Entretien et reparation Hydro barrage,0,0,0,0,0,0,income/expense,
3082,625,PRIMES D ASSURANCE,,,0,0,,,title,
3083,6251,Assurances multirisques,,,0,0,,,title,
3084,62511010,Assurance incendie,0,0,0,0,0,0,income/expense,
3085,6252,Assurances materiel de transport,,,0,0,,,title,
3086,62521010,Assurance Vehicules,0,0,0,0,0,0,income/expense,
3087,62521011,Assurance Motos,0,0,0,0,0,0,income/expense,
3088,6256,Assurances transport sur achats,,,0,0,,,title,
3089,62561010,Assurances transport sur achats,0,0,0,0,0,0,income/expense,
3090,6258,Autres primes d assurances,,,0,0,,,title,
3091,62581010,Assurances responsabilite civile,0,0,0,0,0,0,income/expense,
3092,62581011,Assurance contre crime,0,0,0,0,0,0,income/expense,
3093,62581012,Assurance maladie,0,0,0,0,0,0,income/expense,
3094,628,FRAIS DE TELECOMMUNICATIONS,,,0,0,,,title,
1790,62801000,DIVERS FRAIS DE VOYAGE,0,0,0,0,0,0,income/expense,
1790,62801000,DIVERS FRAIS DE VOYAGE,0,0,0,0,0,0,income/expense,
3095,6281,Frais de telephone,,,0,0,,,title,
3096,62811010,Frais de Poste et Telecomunication,0,0,0,0,0,0,income/expense,
3097,6283,Frais de telecopie,,,0,0,,,title,
3098,62831010,Frais de photocopie,0,0,0,0,0,0,income/expense,
3099,62831011,Frais photocopie-support cours,0,0,0,0,0,0,income/expense,
1791,63,AUTRES SERVICES CONSOMMES,,,0,0,,,title,
3100,63,SERVICES EXTERIEURS B,,,0,0,,,title,
1792,630,a effacer,,,0,0,,,title,
1793,63001000,Loyer et charges locatives,0,0,0,0,0,0,income/expense,
1794,631,FRAIS D'ENTRETIEN,,,0,0,,,title,
3101,631,FRAIS BANCAIRES,,,0,0,,,title,
1795,63111000,A preciser,0,0,0,0,0,0,income/expense,
1796,63121000,ENTRETIEN TERRAIN,0,0,0,0,0,0,income/expense,
1796,63121000,ENTRETIEN TERRAIN,0,0,0,0,0,0,income/expense,
3102,6313,Location de coffres,,,0,0,,,title,
3103,63131010,Location de coffre fort,0,0,0,0,0,0,income/expense,
1797,63151000,ENTRETIEN MAT. DE TRANSPORT,0,0,0,0,0,0,income/expense,
1797,63151000,ENTRETIEN MAT. DE TRANSPORT,0,0,0,0,0,0,income/expense,
1798,63161350,Entretien LC mobility,0,0,0,0,0,0,income/expense,
1799,63171100,Entretien groupe électrogène,0,0,0,0,0,0,income/expense,
3104,6318,Autres frais bancaires,,,0,0,,,title,
3105,63181010,Frais bancaires,0,0,0,0,0,0,income/expense,
1800,632,FRAIS FIDICIAIRES,,,0,0,,,title,
3106,632,Remuneration d intermediaires et Conseils,,,0,0,,,title,
1801,63201000,Frais d'acte notarial,0,0,0,0,0,0,income/expense,
1802,63201010,HONORAIRES AVOCAT,0,0,0,0,0,0,income/expense,
1803,63201030,HONORAIRES AUDITEURS,0,0,0,0,0,0,income/expense,
1804,63211100,FIDICIAIRE KAPUKU MUAMBA ALIDOR,0,0,0,0,0,0,income/expense,
1805,63211129,HONORAIRES S/OPERATIONS FISTULEUSES,0,0,0,0,0,0,income/expense,
1806,63221000,AVOCAT BEYA MARCEL,0,0,0,0,0,0,income/expense,
1807,63221100,AVOCAT MUBALU KANKOLONGO,0,0,0,0,0,0,income/expense,
3107,6324,Honoraires,,,0,0,,,title,
3108,63241010,Assistance comptable,0,0,0,0,0,0,income/expense,
3109,63241011,Honoraires audit,0,0,0,0,0,0,income/expense,
3110,63241012,Honoraire AVOCAT,0,0,0,0,0,0,income/expense,
3111,6325,Frais d actes et de contentieux,,,0,0,,,title,
3112,63251010,Frais legaux et de justice,0,0,0,0,0,0,income/expense,
3113,6328,Divers frais,,,0,0,,,title,
3114,63281010,Autres frais,0,0,0,0,0,0,income/expense,
1808,633,FRAIS BANCAIRES,,,0,0,,,title,
3115,633,FRAIS DE FORMATION DU PERSONNEL,,,0,0,,,title,
1809,6330,a effacer,,,0,0,,,title,
1810,63301000,Frais bancaires PNC BANK,0,0,0,0,0,0,income/expense,
1811,63301001,Frais bancaires Wells Fargo / Wachovia,0,0,0,0,0,0,income/expense,
1812,63301002,Frais bancaires CITI bank,0,0,0,0,0,0,income/expense,
1813,63301003,Frais bancaires BCDC,0,0,0,0,0,0,income/expense,
1814,63301004,Frais bancaires FT,0,0,0,0,0,0,income/expense,
1815,63301200,"Frais d'hotel restaurant",0,0,0,0,0,0,income/expense,
1816,63301300,FRAIS POSTES ET TELECOMMUNICATION,0,0,0,0,0,0,income/expense,
1816,63301300,FRAIS POSTES ET TELECOMMUNICATION,0,0,0,0,0,0,income/expense,
1817,63301400,AUTRES SERVICES EXTERIEURS,0,0,0,0,0,0,income/expense,
1817,63301400,AUTRES SERVICES EXTERIEURS,0,0,0,0,0,0,income/expense,
1818,6331,ECOH,,,0,0,,,title,
3116,63311010,Conferences & seminaires,0,0,0,0,0,0,income/expense,
3117,63311011,Frais de formation,0,0,0,0,0,0,income/expense,
3118,63311012,Frais de formation exterieure,0,0,0,0,0,0,income/expense,
1819,63311121,ECOH MORINGA TREE,0,0,0,0,0,0,income/expense,
1820,63311122,ECOH WOMEN'S DEVELOPMENT,0,0,0,0,0,0,income/expense,
1821,63311123,ECOH AGRICULTURAL DEVELOPMENT,0,0,0,0,0,0,income/expense,
1822,63311124,ECOH NUTRITION REAB. (CN),0,0,0,0,0,0,income/expense,
1823,63311125,ECOH INDIGENT CARE PROJECT,0,0,0,0,0,0,income/expense,
1824,63311126,ECOH TSHIKAJI HEALTH CENTER,0,0,0,0,0,0,income/expense,
1825,63311127,ECOH ORPHAN SCHOR EDUC PROJECT,0,0,0,0,0,0,income/expense,
1826,63311128,ECOH HMHC,0,0,0,0,0,0,income/expense,
1827,63311129,ECOH FISTULA PROJECT,0,0,0,0,0,0,income/expense,
1828,63311130,ECOH CERVICAL CANCER,0,0,0,0,0,0,income/expense,
1829,63311131,ECOH BCZS COM. HEALTH PROGRAM,0,0,0,0,0,0,income/expense,
1830,63311350,ECOH 320802 MOBILITY IN MISSION 0096AA-08,0,0,0,0,0,0,income/expense,
1831,6332,ECO,,,0,0,,,title,
1832,63321100,ECO MISSIONNARY HOUSING,0,0,0,0,0,0,income/expense,
1833,63321270,ECO CHARITY FUNDS,0,0,0,0,0,0,income/expense,
1834,63321400,ECO 320902 ITM,0,0,0,0,0,0,income/expense,
1836,63321490,ECO KAJIDI JONATHAN SCHOLARSHIP,0,0,0,0,0,0,income/expense,
1835,63321510,ECO 320202/402 GENERAL N.D.,0,0,0,0,0,0,income/expense,
1837,6333,MBF PROJECTS,,,0,0,,,title,
1838,63331121,MBF MORINGA TREE,0,0,0,0,0,0,income/expense,
1839,63331122,MBF WOMEN DEVELOPMENT,0,0,0,0,0,0,income/expense,
1840,63331127,MBF ORPHAN SCHOLARSHIP,0,0,0,0,0,0,income/expense,
1841,63331128,MBF MOTHER CARE BABY CARE,0,0,0,0,0,0,income/expense,
1842,63331129,MBF C-GSH FISTULA REPAIR,0,0,0,0,0,0,income/expense,
1843,63331350,MBF IMCK'S TOYOTA LAND C. 0448AA-15,0,0,0,0,0,0,income/expense,
1844,63331400,MBF ITM,0,0,0,0,0,0,income/expense,
1845,63331401,MBF ISTM,0,0,0,0,0,0,income/expense,
1846,63331510,MBF GENERAL NON DESIGNE,0,0,0,0,0,0,income/expense,
1847,63331540,MBF HYDRO ENTRETIEN,0,0,0,0,0,0,income/expense,
1848,63341400,ROW ITM,0,0,0,0,0,0,income/expense,
3119,634,REDEVANCES POUR BREVETS ; LICENCES ; LOGICIELS ET DROITS SIMILAIRES,,,0,0,,,title,
2235,63411000,A preciser,0,0,0,0,0,0,income/expense,
3120,6343,Redevances pour logiciels,,,0,0,,,title,
3121,63431010,Redevances -logiciels,0,0,0,0,0,0,income/expense,
3589,635,COTISATIONS,,,0,0,,,title,
3590,6351,Cotisations,,,0,0,,,title,
3591,63511010,Contribution a l'EPN,0,0,0,0,0,0,income/expense,
3592,6358,Autres Cotisations,,,0,0,,,title,
3593,63581010,Cotisations Diverses,0,0,0,0,0,0,income/expense,
3122,638,AUTRES CHARGES EXTERNES,,,0,0,,,title,
3123,6381,Frais de recrutement du personnel,,,0,0,,,title,
3124,63811010,Frais de recrutement,0,0,0,0,0,0,income/expense,
3125,6382,Frais de demenagement,,,0,0,,,title,
3126,63821010,Frais de demenagement,0,0,0,0,0,0,income/expense,
3127,6383,Receptions,,,0,0,,,title,
3128,63831010,Frais de restauration,0,0,0,0,0,0,income/expense,
3129,6384,Missions,,,0,0,,,title,
3130,63841010,Frais Hotel & restauration,0,0,0,0,0,0,income/expense,
3131,63841011,Perdiem,0,0,0,0,0,0,income/expense,
3578,6388,Frais divers,,,0,0,,,title,
3579,63881010,Frais de facilitation DPID DGRAD et autres,0,0,0,0,0,0,income/expense,
1849,64,CHARGES ET PERTES DIVERSES,,,0,0,,,title,
3132,64,IMPOTS ET TAXES,,,0,0,,,title,
1850,640,ASSURANCES,,,0,0,,,title,
1851,64071000,ASSURANCES VEHICULES,0,0,0,0,0,0,income/expense,
1852,64071100,ASSURANCES MOTOS,0,0,0,0,0,0,income/expense,
3133,641,IMPOTS ET TAXES DIRECTS,,,0,0,,,title,
3134,6411,Impots fonciers et taxes annexes,,,0,0,,,title,
3135,6411000,Permis de construction,0,0,0,0,0,0,income/expense,
3136,6418,Autres impots et taxes directs,,,0,0,,,title,
3137,64181010,DGRAD Redevance Eaux Naturelles,0,0,0,0,0,0,income/expense,
3138,64181010,IERE,0,0,0,0,0,0,income/expense,
3139,64181011,Go pass/Taxe,0,0,0,0,0,0,income/expense,
3140,64181012,Taxe Statistique d embarquement,0,0,0,0,0,0,income/expense,
1853,645,COTISATIONS ET AUTRES,,,0,0,,,title,
1854,64511000,ASSISTANCES AU PERSONNEL,0,0,0,0,0,0,income/expense,
1854,64511000,ASSISTANCES AU PERSONNEL,0,0,0,0,0,0,income/expense,
1855,64511100,A preciser,0,0,0,0,0,0,income/expense,
1856,64521000,COTISATIONS,0,0,0,0,0,0,income/expense,
1856,64521000,COTISATIONS,0,0,0,0,0,0,income/expense,
1857,64521100,DONS,0,0,0,0,0,0,income/expense,
1858,64521110,REPRESENTATION DES TRAVAILLEURS AUX DEFILES,0,0,0,0,0,0,income/expense,
1859,64521120,REPRESENTATION A L'EPN,0,0,0,0,0,0,income/expense,
3141,646,Droits d enregistrement,,,0,0,,,title,
1860,64601000,DIFFERENCE DE CHANGE,0,0,0,0,0,0,income/expense,
1861,64601100,PERTE DE L'INVENTAIRE,0,0,0,0,0,0,income/expense,
3142,6463,Taxes sur les vehicules de societe,,,0,0,,,title,
3143,64631010,Immatriculation Vehicules,0,0,0,0,0,0,income/expense,
3144,6464,Vignettes,,,0,0,,,title,
3145,64641010,Vignettes Vehicule,0,0,0,0,0,0,income/expense,
3146,647,PENALITES ET AMENDES FISCALES,,,0,0,,,title,
1862,64701000,SOINS GRATUITS (CHARITE),0,0,0,0,0,0,income/expense,
1863,64701100,CREANCES IRRECOUVRABLES,0,0,0,0,0,0,income/expense,
3147,6471,Penalites d assiette ; impots directs,,,0,0,,,title,
3148,64711010,Penalites d assiette ; impots directs,0,0,0,0,0,0,income/expense,
3149,6472,Penalites d assiette ; impots indirects,,,0,0,,,title,
3150,64721010,Penalites d assiette ; impots indirects,0,0,0,0,0,0,income/expense,
3151,6473,Penalites de recouvrement ; impots directs,,,0,0,,,title,
3152,64731010,Penalites de recouvrement ; impots directs,0,0,0,0,0,0,income/expense,
3153,6474,Penalites de recouvrement ; impots indirects,,,0,0,,,title,
3154,64741010,Penalites de recouvrement ; impots indirects,0,0,0,0,0,0,income/expense,
2233,64751100,A preparer,0,0,0,0,0,0,income/expense,
3155,6478,Autres amendes penales et fiscales,,,0,0,,,title,
3156,64781010,Amendes et penalites,0,0,0,0,0,0,income/expense,
3157,648,AUTRES IMPOTS ET TAXES,,,0,0,,,title,
1864,64801000,AMENDES PENALES,0,0,0,0,0,0,income/expense,
1865,64901000,CONSEIL D'ADMINISTRATION,0,0,0,0,0,0,income/expense,
1866,64931000,PERTES S/EXERCICES ANTERIEURS,0,0,0,0,0,0,income/expense,
1867,64961000,CHARGES ET PERTES DIVERSES,0,0,0,0,0,0,income/expense,
1867,64961000,CHARGES ET PERTES DIVERSES,0,0,0,0,0,0,income/expense,
1868,64971000,A preciser,0,0,0,0,0,0,income/expense,
1868,64971000,A preciser,0,0,0,0,0,0,income/expense,
1869,65,CHARGES DU PERSONNEL,,,0,0,,,title,
3158,65,AUTRES CHARGES,,,0,0,,,title,
1870,651,SALAIRES ET PRIMES,,,0,0,,,title,
3159,651,PERTES SUR CREANCES CLIENTS ET AUTRES DEBITEURS,,,0,0,,,title,
3160,6511,Pertes sur creances Clients,,,0,0,,,title,
1871,65111000,SALAIRES BRUTS ET PRIMES,0,0,0,0,0,0,income/expense,
1872,65111129,PRIME S/OPERATIONS FISTULES,0,0,0,0,0,0,income/expense,
1873,65117115,SANGAMAYI,0,0,0,0,0,0,income/expense,
1874,65121020,MULAJA MUKENDI,0,0,0,0,0,0,income/expense,
1875,65121150,KABASELE KABATA,0,0,0,0,0,0,income/expense,
1876,65121170,KAPEMBU KANDE,0,0,0,0,0,0,income/expense,
1877,65131100,MPOI LUMPUNGU,0,0,0,0,0,0,income/expense,
1878,65131130,KAPINGA BAKATUSEKA,0,0,0,0,0,0,income/expense,
1879,65131140,BAJIKILE KASONGA,0,0,0,0,0,0,income/expense,
1880,65131150,TSHIABA KALUBI,0,0,0,0,0,0,income/expense,
1881,65131160,KAMANGUDU NDONDA,0,0,0,0,0,0,income/expense,
1882,65131180,KATUJUDI NKUNA (H),0,0,0,0,0,0,income/expense,
1883,65131190,KAZADI MUKENGE,0,0,0,0,0,0,income/expense,
1884,65131200,GIBENDE ABONGE,0,0,0,0,0,0,income/expense,
1885,65131210,KUETE SHAMBA,0,0,0,0,0,0,income/expense,
1886,65131220,TSHISANGA NDEMBA,0,0,0,0,0,0,income/expense,
1887,65131230,LUPANTSHIA PALELA,0,0,0,0,0,0,income/expense,
1888,65131250,BUABUA KAYEMBE,0,0,0,0,0,0,income/expense,
1889,65131260,NGALAMULUME LUKENGU,0,0,0,0,0,0,income/expense,
1890,65131280,TSHITALA BADINENGANYI,0,0,0,0,0,0,income/expense,
1891,65131300,TSHIBOLA TSHIBUABUA,0,0,0,0,0,0,income/expense,
1892,65131330,MUAKUYA MALU,0,0,0,0,0,0,income/expense,
1893,65131340,NGALULA BATUBENGA,0,0,0,0,0,0,income/expense,
1894,65131370,BENGESHA NGINDU,0,0,0,0,0,0,income/expense,
1895,65131380,NKASHAMA MUYEMBI,0,0,0,0,0,0,income/expense,
1896,65131470,KABEDI NKONKO,0,0,0,0,0,0,income/expense,
1897,65131520,NTUMBA BAKAJIKA,0,0,0,0,0,0,income/expense,
1898,65131540,NGALAMULUME NTUMBA,0,0,0,0,0,0,income/expense,
1899,65131600,MUSHIYA KABEMBA,0,0,0,0,0,0,income/expense,
1900,65131610,KATENDE BITSHIDI BIBI,0,0,0,0,0,0,income/expense,
1901,65131620,MULUMBA KAYEMBE,0,0,0,0,0,0,income/expense,
1902,65131660,KALUINA JIBIKILAYI,0,0,0,0,0,0,income/expense,
1903,65131670,MBUYI MUNTUABO,0,0,0,0,0,0,income/expense,
1904,65131710,KADIATA MUDIBANGANYI,0,0,0,0,0,0,income/expense,
1905,65131730,KATOMBE MUBIKAYI,0,0,0,0,0,0,income/expense,
1906,65131770,BANANGA BATAMINA,0,0,0,0,0,0,income/expense,
1907,65131790,KATUAMBI BIPENDU,0,0,0,0,0,0,income/expense,
1908,65131830,KALONGA MUKENDI,0,0,0,0,0,0,income/expense,
1909,65131860,KATUJUDI NKUNA (F),0,0,0,0,0,0,income/expense,
1910,65131890,SEKUNDO NASSOZA,0,0,0,0,0,0,income/expense,
1911,65131910,TUINDILA KATEMBUE,0,0,0,0,0,0,income/expense,
1912,65131950,BIMINE DIBELAYI,0,0,0,0,0,0,income/expense,
1913,65131990,NTEFU KABEMBA,0,0,0,0,0,0,income/expense,
1914,65141000,ALLOCATIONS FAMILIALES LEGALES,0,0,0,0,0,0,income/expense,
1915,65141020,MUBIAYI BUABUA,0,0,0,0,0,0,income/expense,
1916,65141080,TUSEKU MUYAYA,0,0,0,0,0,0,income/expense,
1917,65141100,KENA BUILA SHINDI,0,0,0,0,0,0,income/expense,
1918,65141110,BETU MUKENDI,0,0,0,0,0,0,income/expense,
1919,65141140,BABADI KABAMBI,0,0,0,0,0,0,income/expense,
1920,65141150,BAMBI MUKENGE,0,0,0,0,0,0,income/expense,
1921,65141210,NDAYE KATEBA,0,0,0,0,0,0,income/expense,
1922,65141240,KANKONDE TSHIMANGA,0,0,0,0,0,0,income/expense,
1923,65141280,KAZAI KAMUNA KAMBA,0,0,0,0,0,0,income/expense,
1924,65141290,BAKADISULA MPINDA,0,0,0,0,0,0,income/expense,
1925,65141300,TSHIONDO MAMBA,0,0,0,0,0,0,income/expense,
1926,65141350,NZEBA KALELA,0,0,0,0,0,0,income/expense,
1927,65141420,NTUMBA MUNTU,0,0,0,0,0,0,income/expense,
1928,65141440,NTUMBA SOKOMBE,0,0,0,0,0,0,income/expense,
1929,65141460,BASUNGILA MUAMBA,0,0,0,0,0,0,income/expense,
1930,65141540,BEYA BEYA,0,0,0,0,0,0,income/expense,
1931,65141560,KABIBU BIMVULU,0,0,0,0,0,0,income/expense,
1932,65141590,MUANZA MUKENDI,0,0,0,0,0,0,income/expense,
1933,65141600,TSHIAMBA KABONGO,0,0,0,0,0,0,income/expense,
1934,65141610,MILOLO TSHIKOLO,0,0,0,0,0,0,income/expense,
1935,65141650,KABILA MUAMBA,0,0,0,0,0,0,income/expense,
1936,65141660,TSHIBUABUA LUBUELA,0,0,0,0,0,0,income/expense,
1937,65141680,KAMUANYA TSHIMANGA,0,0,0,0,0,0,income/expense,
1938,65141690,KAJIDI TSHIBUABUA,0,0,0,0,0,0,income/expense,
1939,65141700,KUTEKEMENYI MUKENDI,0,0,0,0,0,0,income/expense,
1940,65141720,NGONDO KENGE,0,0,0,0,0,0,income/expense,
1941,65141730,LULUA LUKADI,0,0,0,0,0,0,income/expense,
1942,65141760,BAKATUSENGA BULEDI,0,0,0,0,0,0,income/expense,
1943,65141770,UMBA CHICO,0,0,0,0,0,0,income/expense,
1944,65141780,KANUASHI KAPUKU,0,0,0,0,0,0,income/expense,
1945,65141790,KAPINGA TSHIBUABUA,0,0,0,0,0,0,income/expense,
1946,65141810,BEYA NDONDA,0,0,0,0,0,0,income/expense,
1947,65141820,NGINDU KALONJI,0,0,0,0,0,0,income/expense,
1948,65141830,NTAMBUE MUPINDULA,0,0,0,0,0,0,income/expense,
1949,65141840,TSHIBUABUA NTUMBA,0,0,0,0,0,0,income/expense,
1950,65141850,TSHIMANGA KADIMA,0,0,0,0,0,0,income/expense,
1951,65141880,BAPELE BEYA,0,0,0,0,0,0,income/expense,
1952,65141920,KANDA KANDA,0,0,0,0,0,0,income/expense,
1953,65141930,LUSHONYI KABONGO,0,0,0,0,0,0,income/expense,
1954,65141970,MUTEBA BANTU,0,0,0,0,0,0,income/expense,
1955,65151040,NYENGELE MAKENGA,0,0,0,0,0,0,income/expense,
1956,65151080,BILONDA BEYA,0,0,0,0,0,0,income/expense,
1957,65151100,TSHIBOMBO BAKAJIKA,0,0,0,0,0,0,income/expense,
1958,65151410,BASUE MULAMBA,0,0,0,0,0,0,income/expense,
1959,65151440,BENA BIABU KABANGU,0,0,0,0,0,0,income/expense,
1960,65151450,BILEWO MUMBA,0,0,0,0,0,0,income/expense,
1961,65151480,KABAMUSU MUAMBA,0,0,0,0,0,0,income/expense,
1962,65151490,KABINDA MUAMBA,0,0,0,0,0,0,income/expense,
1963,65151500,KAPEMBA KA KAMANGA,0,0,0,0,0,0,income/expense,
1964,65151540,MALU MUKENDI,0,0,0,0,0,0,income/expense,
1965,65151580,MUADI ILUNGA,0,0,0,0,0,0,income/expense,
1966,65151600,MULENDA MUKENGESHAYI,0,0,0,0,0,0,income/expense,
1967,65151610,MUNYOKA BADIANJILE,0,0,0,0,0,0,income/expense,
1968,65151680,NTUMBA LUENDU,0,0,0,0,0,0,income/expense,
1969,65151750,TSHISHIKU LUBOYA,0,0,0,0,0,0,income/expense,
1970,65151770,KADIATA TSHIKANANA,0,0,0,0,0,0,income/expense,
1971,65151810,MUTOMBO NTITA,0,0,0,0,0,0,income/expense,
1972,65151830,MUKUNA DIBAMBU,0,0,0,0,0,0,income/expense,
1973,65151840,MUSUBE MUKENGE,0,0,0,0,0,0,income/expense,
1974,65151850,KANKU SHABANTU,0,0,0,0,0,0,income/expense,
1975,65151920,KABASELE BANTUBIABO,0,0,0,0,0,0,income/expense,
1976,65151940,ILUNGA ILUNGA,0,0,0,0,0,0,income/expense,
1977,65151950,BENDE KAPUKU,0,0,0,0,0,0,income/expense,
1978,65151980,NDEMBU MUTOMBO,0,0,0,0,0,0,income/expense,
1979,65151990,KANDE BAKANTOMBOLOLA,0,0,0,0,0,0,income/expense,
1980,65161040,KABANGE MBUYI,0,0,0,0,0,0,income/expense,
1981,65161050,NDANDU MAYIMONA,0,0,0,0,0,0,income/expense,
1982,65161060,NTUMBA LUTULU,0,0,0,0,0,0,income/expense,
1983,65161080,KABUTAKAPUA NTUMBA,0,0,0,0,0,0,income/expense,
1984,65161130,BUABUA TSHIPAMBA,0,0,0,0,0,0,income/expense,
1985,65161140,NGALULA NKITA BUNGI,0,0,0,0,0,0,income/expense,
1986,65161180,MAYAMBI NZAMBI,0,0,0,0,0,0,income/expense,
1987,65161190,SHAMUIMBA MBOMBO,0,0,0,0,0,0,income/expense,
1988,65161240,SOMBAMANYA NDAYE,0,0,0,0,0,0,income/expense,
1989,65161250,KATUKADI TSHITENGE,0,0,0,0,0,0,income/expense,
1990,65161270,BANSHIMI BEYA MPUTU,0,0,0,0,0,0,income/expense,
1991,65161280,TSHIADIMUNA MATANDA,0,0,0,0,0,0,income/expense,
1992,65161310,MAMBA MPUNGA,0,0,0,0,0,0,income/expense,
1993,65161320,MVITA KANDE,0,0,0,0,0,0,income/expense,
1994,65161810,MULUMBA KAVULA,0,0,0,0,0,0,income/expense,
1995,65161920,KOBO KARUNDZU,0,0,0,0,0,0,income/expense,
1996,65161930,MUZADI NDAYE,0,0,0,0,0,0,income/expense,
1997,65161940,NGALULA TSHIBUABUA,0,0,0,0,0,0,income/expense,
1998,65161950,LUSAMBA TSHIABA,0,0,0,0,0,0,income/expense,
1999,65161960,KAFULA MPUTU,0,0,0,0,0,0,income/expense,
2000,65161980,BAMANYE LUFU,0,0,0,0,0,0,income/expense,
2001,65161990,KATUBADI MUAMBA,0,0,0,0,0,0,income/expense,
2002,65171000,MUMBA TSHISHIMBI,0,0,0,0,0,0,income/expense,
2003,65171100,BATENA TSHISENGE,0,0,0,0,0,0,income/expense,
2004,65171120,BENYI BIMINE,0,0,0,0,0,0,income/expense,
2005,65171130,MUTAPAYI MUKUAYITA,0,0,0,0,0,0,income/expense,
2006,65171140,KATUENA BANGI MANGALA,0,0,0,0,0,0,income/expense,
2007,65171160,BALUIDI MUKENDI,0,0,0,0,0,0,income/expense,
2008,65171170,BIKEMU KAPUKU,0,0,0,0,0,0,income/expense,
2009,65171200,KAMAYI MULUMBA,0,0,0,0,0,0,income/expense,
2010,65171260,NSAFU KAPEMBA,0,0,0,0,0,0,income/expense,
2011,65171270,NKOLE NTUMBA,0,0,0,0,0,0,income/expense,
2012,65171280,KEBA KASONGA,0,0,0,0,0,0,income/expense,
2013,65171290,MBUYI KABUYA,0,0,0,0,0,0,income/expense,
2014,65171300,NGONDO KABASELE,0,0,0,0,0,0,income/expense,
2015,65171310,MAYUWA KABENGELE,0,0,0,0,0,0,income/expense,
2016,65171320,ILUNGA NKASHAMA,0,0,0,0,0,0,income/expense,
2017,65171330,MBALANDA MUKUAYITA,0,0,0,0,0,0,income/expense,
2018,65171340,MILOLO KUINJIDI,0,0,0,0,0,0,income/expense,
2019,65171350,KABUYA KABUYA,0,0,0,0,0,0,income/expense,
2020,65171360,MABUDI KABIBU,0,0,0,0,0,0,income/expense,
2021,65171370,MUANGE SABUE,0,0,0,0,0,0,income/expense,
2022,65171380,TSHITA KALONJI,0,0,0,0,0,0,income/expense,
2023,65171390,MUKENDI TSHITADI,0,0,0,0,0,0,income/expense,
2024,652,AUTRES CHARGES DU PERSONNEL,,,0,0,,,title,
2025,65211000,CHARGES SOCIALES DIVERSES,0,0,0,0,0,0,income/expense,
2026,65301000,INDEMNITES DIVERSES,0,0,0,0,0,0,income/expense,
2026,65301000,INDEMNITES DIVERSES,0,0,0,0,0,0,income/expense,
2027,65321000,FRS PHARMACEUTIQUES CASH,0,0,0,0,0,0,income/expense,
2027,65321000,FRS PHARMACEUTIQUES CASH,0,0,0,0,0,0,income/expense,
2028,65321100,FRAIS FUNERAIRES,0,0,0,0,0,0,income/expense,
2028,65321100,FRAIS FUNERAIRES,0,0,0,0,0,0,income/expense,
2029,65321200,SOINS MEDICAUX EN NATURE,0,0,0,0,0,0,income/expense,
2030,65331000,INDEMNITES DE TRANSPORT,0,0,0,0,0,0,income/expense,
2031,65341000,INDEMNITES DE LOGEMENT,0,0,0,0,0,0,income/expense,
2032,65351000,INDEMNITE DE FIN CARRIERE,0,0,0,0,0,0,income/expense,
3162,658,CHARGES DIVERSES,,,0,0,,,title,
3163,6581,Jetons de presence et autres remunerations d administrateurs,,,0,0,,,title,
3164,65811010,Conseil d Administration,0,0,0,0,0,0,income/expense,
3165,65811011,Autres remuneration d administrateurs,0,0,0,0,0,0,income/expense,
3166,6582,Dons,,,0,0,,,title,
3167,65821010,Dons et liberalites,0,0,0,0,0,0,income/expense,
3168,6588,Autres charges Diverses,,,0,0,,,title,
3169,65881010,Frais manutention,0,0,0,0,0,0,income/expense,
3170,65881011,Permis de conduire & Autres,0,0,0,0,0,0,income/expense,
3171,65881012,Activites sportives et culturelles,0,0,0,0,0,0,income/expense,
3172,65881013,Reunion & autres activites syndicales,0,0,0,0,0,0,income/expense,
3543,65881014,Depenses Guest House,0,0,0,0,0,0,income/expense,
3173,659,CHARGES PROVISIONNEES D EXPLOITATION,,,0,0,,,title,
3174,6593,Charges provisionnees d exploitation  sur stocks,,,0,0,,,title,
3175,65931010,Provisions pour stock obsolete,0,0,0,0,0,0,income/expense,
3177,65931010,Charges Provisionnees sur impayes malades,0,0,0,0,0,0,income/expense,
3544,65931011,Charges provisionees creances impayees,0,0,0,0,0,0,income/expense,
3176,6594,Charges provisionnees d exploitation sur creances,,,0,0,,,title,
2033,66,CONTRIBUTIONS ET TAXES,,,0,0,,,title,
3178,66,CHARGES DE PERSONNEL,,,0,0,,,title,
3179,661,REMUNERATIONS DIRECTES VERSEES AU PERSONNEL NATIONAL,,,0,0,,,title,
3180,6611,Appointements salaires et commissions,,,0,0,,,title,
3181,66110011,Remuneration Personnel,0,0,0,0,0,0,income/expense,
3182,6612,Primes et gratifications,,,0,0,,,title,
3183,66121010,13eme Mois (Gratification),0,0,0,0,0,0,income/expense,
3184,66121011,Primes,0,0,0,0,0,0,income/expense,
3185,6613,Conges payes,,,0,0,,,title,
3186,66131010,Indemnite de conge,0,0,0,0,0,0,income/expense,
3187,6614,Indemnites de preavis ; de licenciement et de recherche d embauche,,,0,0,,,title,
2034,66141000,AMENDES ET PENALITES FISCALES,0,0,0,0,0,0,income/expense,
3188,66141010,Indemnites de preavis ; de licenciement et de recherche d embauche,0,0,0,0,0,0,income/expense,
3189,6615,Indemnites de maladie versees aux travailleurs,,,0,0,,,title,
3190,66151010,Indemnites de maladie versees aux travailleurs,0,0,0,0,0,0,income/expense,
3191,6616,Supplement familial,,,0,0,,,title,
3192,66161010,Allocations familiales legales,0,0,0,0,0,0,income/expense,
3193,6617,Avantages en nature,,,0,0,,,title,
3194,66171010,Colis fin d annee,0,0,0,0,0,0,income/expense,
3195,6618,Autres remunerations directes,,,0,0,,,title,
3196,66181010,Heures Supplementaires,0,0,0,0,0,0,income/expense,
3197,66181011,Salaires decompte final,0,0,0,0,0,0,income/expense,
2035,66201000,CONTRÔLE TECHNIQUE,0,0,0,0,0,0,income/expense,
3198,663,INDEMNITES FORFAITAIRES VERSEES AU PERSONNEL,,,0,0,,,title,
2036,66301000,TAXES DIVERSES,0,0,0,0,0,0,income/expense,
2036,66301000,TAXES DIVERSES,0,0,0,0,0,0,income/expense,
3199,6631,Indemnites de logement,,,0,0,,,title,
3200,66311010,Indemnites de logement,0,0,0,0,0,0,income/expense,
3201,6638,Autres indemnites et avantages divers,,,0,0,,,title,
3202,66381010,Indemnite kilometrique,0,0,0,0,0,0,income/expense,
3203,66381011,Indemnite de transport,0,0,0,0,0,0,income/expense,
3204,66381012,Indemnite de transport Expatries,0,0,0,0,0,0,income/expense,
3205,66381013,Minerval enfants,0,0,0,0,0,0,income/expense,
3206,66381014,Aide mariage,0,0,0,0,0,0,income/expense,
3207,664,CHARGES SOCIALES,,,0,0,,,title,
3208,6641,Charges sociales sur remuneration du personnel,,,0,0,,,title,
3209,66411010,Cotisation INSS,0,0,0,0,0,0,income/expense,
3210,66411011,Cotisations INPP,0,0,0,0,0,0,income/expense,
3211,66411012,Cotisation ONEM,0,0,0,0,0,0,income/expense,
3212,66411013,Frais funeraires,0,0,0,0,0,0,income/expense,
3213,66411014,Voyage employes en conge,0,0,0,0,0,0,income/expense,
3214,66411015,Frais medicaux Personnel,0,0,0,0,0,0,income/expense,
3570,66411016,Assistance sociale accouchement,0,0,0,0,0,0,income/expense,
3580,66411017,Frais restaurant personnel,0,0,0,0,0,0,income/expense,
3215,668,AUTRES CHARGES SOCIALES,,,0,0,,,title,
3216,6681,Versements aux Syndicats et Comites d entreprise ; d etablissement,,,0,0,,,title,
3217,66811010,Versements aux syndicats,0,0,0,0,0,0,income/expense,
3218,67,FRAIS FINANCIERS ET CHARGES ASSIMILEES,,,0,0,,,title,
3219,671,INTERETS DES EMPRUNTS,,,0,0,,,title,
3220,6712,Emprunts aupres des etablissements de credit,,,0,0,,,title,
3221,67121010,Internet sur emprunt,0,0,0,0,0,0,income/expense,
3222,674,Autres interets,,,0,0,,,title,
3223,6745,Interets bancaires et sur operations de tresorerie et d?escompte,,,0,0,,,title,
3224,67451010,Interets bancaires,0,0,0,0,0,0,income/expense,
3225,6748,Interets sur dettes diverses,,,0,0,,,title,
3226,67481010,Interet sur dettes,0,0,0,0,0,0,income/expense,
3227,676,PERTES DE CHANGE,,,0,0,,,title,
3228,6761,A PRECISER,,,0,0,,,title,
3229,67611010,Differences de change,0,0,0,0,0,0,income/expense,
3230,679,CHARGES PROVISIONNEES FINANCIERES,,,0,0,,,title,
3231,6791,charges provisionnees financieres sur risques financiers,,,0,0,,,title,
3232,67911010,Charges provisionnees - Difference de change financiere,0,0,0,0,0,0,income/expense,
3233,68,DOTATIONS AUX AMORTISSEMENTS,,,0,0,,,title,
2037,68001000,DOTATIONS AUX AMORTISSEMENTS ET PROVISIONS,0,0,0,0,0,0,income/expense,
3234,681,DOTATIONS AUX AMORTISSEMENTS D EXPLOITATION,,,0,0,,,title,
3235,6811,Dotations aux amortissements des charges immobilisees,,,0,0,,,title,
3236,68111010,Dotations aux amortissements,0,0,0,0,0,0,income/expense,
3237,6812,Dotations aux amortissements des immobilisations incorporelles,,,0,0,,,title,
3238,68121010,Dotation aux amortissements sur logiciels,0,0,0,0,0,0,income/expense,
3239,68121011,Dotation aux amortissements sur logiciels reevalues,0,0,0,0,0,0,income/expense,
3240,68122010,Dotation aux amortissements sur frais licence,0,0,0,0,0,0,income/expense,
3241,68122011,Dotation aux amortissements sur frais licence reevalue,0,0,0,0,0,0,income/expense,
3242,6813,Dotations aux amortissements des immobilisations corporelles,,,0,0,,,title,
3243,68131010,Dotation aux amortissement Batiments,0,0,0,0,0,0,income/expense,
3244,68131011,Dotation aux amortissement Batiments reevalues,0,0,0,0,0,0,income/expense,
3245,68132010,Dotation aux amortissement Barrage et autres,0,0,0,0,0,0,income/expense,
3246,68132011,Dotation aux amortissement Barrage et autres reevalue,0,0,0,0,0,0,income/expense,
3247,68133010,Dotation aux amortissements des  materiels,0,0,0,0,0,0,income/expense,
3248,68133011,Dotation aux amortissements des materiels reevalues,0,0,0,0,0,0,income/expense,
3249,68134010,Dotation aux amortissement des mobiliers,0,0,0,0,0,0,income/expense,
3250,68134011,Dotation aux amortissements des mobiliers reevalues,0,0,0,0,0,0,income/expense,
3251,68135010,Dotation aux amortissements du materiel et mobilier d habitation,0,0,0,0,0,0,income/expense,
3252,68135011,Dotation aux amortissements du materiel et mobilier d habitation reevalue,0,0,0,0,0,0,income/expense,
3253,68136010,Dotation aux amortissements Vehicules,0,0,0,0,0,0,income/expense,
3254,68136011,Dotation aux amortissements vehicules reevalue,0,0,0,0,0,0,income/expense,
3255,68137010,Dotation aux amortissements Bicyclette ; Mobilette et moto,0,0,0,0,0,0,income/expense,
3256,68137011,Dotation aux amortissements Bicyclette ; Mobilette et moto reevalue,0,0,0,0,0,0,income/expense,
3257,68138010,Dotation aux amortissements des equipements,0,0,0,0,0,0,income/expense,
3258,68138011,Dotation aux amortissements des autres materiels reevalues,0,0,0,0,0,0,income/expense,
3259,69,DOTATIONS AUX PROVISIONS,,,0,0,,,title,
3260,691,DOTATIONS AUX PROVISIONS D EXPLOITATION,,,0,0,,,title,
3261,6911,Dotationx aux prov d expl pour risques et charges,,,0,0,,,title,
3262,69111010,Provisions impots sur le Resultat,0,0,0,0,0,0,income/expense,
3263,69111011,Provision pour litige,0,0,0,0,0,0,income/expense,
3264,69111012,Provision pour decompte final (retraite),0,0,0,0,0,0,income/expense,
3265,6912,Dotationx aux prov d expl pour grosses reparations,,,0,0,,,title,
3266,69121010,Provisions pour grosse reparations,0,0,0,0,0,0,income/expense,
3267,69131010,Dotationx aux prov d expl pour depreciation des immobilisations incorporelles,0,0,0,0,0,0,income/expense,
3268,6914,Dotationx aux prov d expl pour depreciation des immobilisations corporelles,,,0,0,,,title,
3269,69141010,Dotation aux prov Batiments,0,0,0,0,0,0,income/expense,
3270,69141011,Dotation aux prov Barrage et autres,0,0,0,0,0,0,income/expense,
3271,69141012,Dotation aux prov des  materiels,0,0,0,0,0,0,income/expense,
3272,69141013,Dotation aux prov des mobiliers,0,0,0,0,0,0,income/expense,
3273,69141014,Dotation aux prov du materiel et mobilier d habitation,0,0,0,0,0,0,income/expense,
3274,69141015,Dotation aux prov Vehicules,0,0,0,0,0,0,income/expense,
3275,69141016,Dotation aux prov Bicyclette ; Mobilette et moto,0,0,0,0,0,0,income/expense,
3276,69141017,Dotation aux prov des equipements,0,0,0,0,0,0,income/expense,
3277,697,DOTATIONS AUX PROVISIONS FINANCIERES,,,0,0,,,title,
3278,6971,Dotations aux provisions financieres pour risques et charges,,,0,0,,,title,
3279,69711010,Charges provisionnees - Difference de change financiere,0,0,0,0,0,0,income/expense,
2038,7,COMPTES DE PRODUITS,,,0,0,,,title,
3280,7,COMPTES DES PRODUITS DES ACTIVITES ORDINAIRES,,,0,0,,,title,
3281,70,VENTES,,,0,0,,,title,
2039,700,VENTE MEDICAMENTS,,,0,0,,,title,
2040,70011000,A preciser,0,5865.27,5865.27,0,0,0,income/expense,
2041,70011100,Antidote,0,0,0,0,0,0,income/expense,
2042,70011101,Tension artérielle,0,0,0,0,0,0,income/expense,
2043,70011102,Diurétiques,0,0,0,0,0,0,income/expense,
2044,70011103,Système cardiovasculaire,0,0,0,0,0,0,income/expense,
2045,70011104,Médicaments hématologiques,0,0,0,0,0,0,income/expense,
2046,70011105,Maladies métaboliques,0,0,0,0,0,0,income/expense,
2047,70011106,Système gastro-intestinal,0,0,0,0,0,0,income/expense,
2048,70011107,Spasmolytiques,0,0,0,0,0,0,income/expense,
2049,70011108,"Médicaments pour le foie la vésicule et le pancréas",0,0,0,0,0,0,income/expense,
2050,70011109,"antiémetiques laxatifs et anti diarrhéiques",0,0,0,0,0,0,income/expense,
2051,70011110,système uro-génital,0,0,0,0,0,0,income/expense,
2052,70011111,système respiratoire,0,0,0,0,0,0,income/expense,
2053,70011112,Analgésiques  - Antipyrétiques -Ains,0,0,0,0,0,0,income/expense,
2054,70011113,Analgésiques morphiniques et  stupefiants (nt) (pt),0,0,0,0,0,0,income/expense,
2055,70011114,"Psychotropes hypnotiques sédatifs anxiolytiques",0,0,0,0,0,0,income/expense,
2056,70011115,antiépileptiques et anticoparilsivants,0,0,0,0,0,0,income/expense,
2057,70011116,antiallergiques,0,0,0,0,0,0,income/expense,
2058,70011117,Glucocorticoides,0,0,0,0,0,0,income/expense,
2059,70011118,Médicaments de la Thyroïde,0,0,0,0,0,0,income/expense,
2060,70011119,Hormones sexuelles et contraceptions,0,0,0,0,0,0,income/expense,
2061,70011120,Médicaments du diabète,0,0,0,0,0,0,income/expense,
2062,70011121,Médicaments anti-malaria,0,0,0,0,0,0,income/expense,
2063,70011122,Antibiotiques beta-lactames,0,0,0,0,0,0,income/expense,
2064,70011123,Antibiotiques non beta-lactames,0,0,0,0,0,0,income/expense,
2065,70011124,Antituberculeux-antilepreux,0,0,0,0,0,0,income/expense,
2066,70011125,Médicaments antimycosiques,0,0,0,0,0,0,income/expense,
2067,70011126,"Médicaments antihelminthiques tilaires",0,0,0,0,0,0,income/expense,
2068,70011127,Médicaments antiviraux,0,0,0,0,0,0,income/expense,
2069,70011128,"Vaccins immunoglobulines et sérums",0,0,0,0,0,0,income/expense,
2070,70011129,Médicaments antitumoraux et immunodépresseurs,0,0,0,0,0,0,income/expense,
2071,70011130,"Minéraux vitamines et toniques",0,0,0,0,0,0,income/expense,
2072,70011131,Médicaments à usage dermatologique,0,0,0,0,0,0,income/expense,
2073,70011132,Médicaments à usage ophtalmique,0,0,0,0,0,0,income/expense,
2074,70011133,Médicaments à usage otique,0,0,0,0,0,0,income/expense,
2075,70011134,Médicaments des affections bucco-pharyngées,0,0,0,0,0,0,income/expense,
2076,70011135,Médicaments des affections vulvo-vaginales,0,0,0,0,0,0,income/expense,
2077,70011138,Médicaments agissant sur la musculature utérine,0,0,0,0,0,0,income/expense,
2078,70011139,fluides IV et substituts du plasma,0,0,0,0,0,0,income/expense,
2079,70011140,tests diagnostiques et bandelettes diagnostiques,0,0,0,0,0,0,income/expense,
2080,70011159,Consommables d'urologie,0,0,0,0,0,0,income/expense,
2081,70011171,Consommables des soins,0,0,0,0,0,0,income/expense,
2082,70011172,Gants,0,0,0,0,0,0,income/expense,
2083,70011174,consommables de suture,0,0,0,0,0,0,income/expense,
2084,70011175,"Séringues aiguilles catheters et set",0,0,0,0,0,0,income/expense,
2085,70011176,"Tubes endotracheaux aspiration alimentations et drains thoraciques",0,0,0,0,0,0,income/expense,
2086,70011189,Consommables de Traumatologie,0,0,0,0,0,0,income/expense,
2219,70011200,A preparer,0,1895.92,1895.92,0,0,0,income/expense,
2231,70031400,A preparer,0,0.74,0.74,0,0,0,income/expense,
3282,701,VENTES DE MARCHANDISES,,,0,0,,,title,
3283,7011,Vente des medicaments dans la Region Ohada,,,0,0,,,title,
3284,70111010,Vente Medicaments en comprimes,0,659.5268,659.5268,0,0,0,income/expense,
3285,70111011,Vente Medicaments en Sirop,0,142.9,142.9,0,0,0,income/expense,
3286,70111012,Vente Medicaments en creme,0,0,0,0,0,0,income/expense,
3287,70111013,Vente Medicaments en Poudre et Capsul,0,8.05,8.05,0,0,0,income/expense,
3288,70111014,Vente Injectables,0,2543.808,2543.808,0,0,0,income/expense,
3289,70111015,Vente Platres,0,80,80,0,0,0,income/expense,
3290,70111016,Vente Suppositoires,0,72,72,0,0,0,income/expense,
3291,70111017,Vente Sondes,0,0,0,0,0,0,income/expense,
3552,70111018,Vente Produits de Perfusion,0,999.81,999.81,0,0,0,income/expense,
3553,70111019,Vente Petits materiels et outillages,0,1760.63,1760.63,0,0,0,income/expense,
3556,70111020,Vente des externes,0,65.62,65.62,0,0,0,income/expense,
2224,70211000,A preparer,0,729.54,729.54,0,0,0,income/expense,
2087,70301000,A preciser,0,753.97,753.97,0,0,0,income/expense,
2087,70301000,A preciser,0,1402.11,1402.11,0,0,0,income/expense,
3292,706,SERVICES VENDUS,,,0,0,,,title,
3293,7061,Services vendus dans la Region ohada,,,0,0,,,title,
3294,70611010,Consultation,0,1292.82,1292.82,0,0,0,income/expense,
3295,70611011,Optique,0,0,0,0,0,0,income/expense,
3296,70611012,Hospitalisation,0,2733.55,2733.55,0,0,0,income/expense,
3297,70611013,IMA Subsidy,0,0,0,0,0,0,income/expense,
3298,70611014,Frais (Frigo),0,0,0,0,0,0,income/expense,
3299,70611015,Chirurgie,0,8190,8190,0,0,0,income/expense,
3300,70611016,Examen Labo,0,2729.22,2729.22,0,0,0,income/expense,
3301,70611017,Administration,0,1422.6133,1422.6133,0,0,0,income/expense,
3302,70611018,Accouchement PAX,0,0,0,0,0,0,income/expense,
3303,70611019,Imagerie Medicale,0,236,236,0,0,0,income/expense,
3304,70611020,Orl,0,1264,1264,0,0,0,income/expense,
3305,70611021,Perfusion,0,0,0,0,0,0,income/expense,
3306,70611022,Acouchement,0,0,0,0,0,0,income/expense,
3307,70611023,Soins infirmiers ambulatoires,0,0,0,0,0,0,income/expense,
3308,70611024,Greffes dermo-epidermiques,0,0,0,0,0,0,income/expense,
3309,70611025,Excisions,0,0,0,0,0,0,income/expense,
3310,70611026,Incisions,0,0,0,0,0,0,income/expense,
3311,70611027,Orthopedie,0,0,0,0,0,0,income/expense,
3312,70611028,Gynecologie,0,0,0,0,0,0,income/expense,
3313,70611029,Examen complementaire,0,0,0,0,0,0,income/expense,
3314,70611030,Laparatomie,0,0,0,0,0,0,income/expense,
3315,70611031,Obstetrique,0,66,66,0,0,0,income/expense,
3316,70611032,Traumatologie fractures,0,0,0,0,0,0,income/expense,
3317,70611033,Petite chirurgie sutures,0,0,0,0,0,0,income/expense,
3318,70611034,Urologie,0,0,0,0,0,0,income/expense,
3319,70611035,Stomatologie,0,0,0,0,0,0,income/expense,
3320,70611036,URGENCES,0,84.85,84.85,0,0,0,income/expense,
3582,70611037,Pediatrie,0,0,0,0,0,0,income/expense,
3583,70611038,Chirurgie Pédiatrique,0,0,0,0,0,0,income/expense,
3321,71,71 SUBVENTIONS D EXPLOITATION,,,0,0,,,title,
2088,710,ACTES/PRODUCTIONS VENDUES,,,0,0,,,title,
2089,71011001,Anesthésie,0,0,0,0,0,0,income/expense,
2090,71011002,Biopsie,0,0,0,0,0,0,income/expense,
2091,71011003,Brulures,0,0,0,0,0,0,income/expense,
2092,71011004,Certificats et autres frais administratifs,0,0,0,0,0,0,income/expense,
2093,71011005,chirurgie tube digestif,0,0,0,0,0,0,income/expense,
2094,71011006,consultation,0,0,0,0,0,0,income/expense,
2095,71011007,Corps étrangers,0,0,0,0,0,0,income/expense,
2096,71011008,Examen complémentaire,0,0,0,0,0,0,income/expense,
2097,71011009,Excisions,0,0,0,0,0,0,income/expense,
2098,71011010,Greffes dermo-épidermiques,0,0,0,0,0,0,income/expense,
2099,71011011,Gynécologie,0,0,0,0,0,0,income/expense,
2100,71011012,Hernies,0,0,0,0,0,0,income/expense,
2101,71011013,Hospitalisation,0,0,0,0,0,0,income/expense,
2102,71011014,Incisions,0,0,0,0,0,0,income/expense,
2103,71011015,Injections,0,0,0,0,0,0,income/expense,
2104,71011016,Laboratoire,0,0,0,0,0,0,income/expense,
2105,71011017,Laboratoire Bactériologie,0,0,0,0,0,0,income/expense,
2106,71011018,Laboratoire Biochimie,0,0,0,0,0,0,income/expense,
2107,71011019,Laboratoire hématologie,0,0,0,0,0,0,income/expense,
2108,71011020,Laboratoire Hémostase,0,0,0,0,0,0,income/expense,
2109,71011021,Laboratoire Ionogramme,0,0,0,0,0,0,income/expense,
2110,71011022,Laboratoire Parasitologie,0,0,0,0,0,0,income/expense,
2111,71011023,Laboratoire Sérologie,0,0,0,0,0,0,income/expense,
2112,71011024,Laparatomie,0,0,0,0,0,0,income/expense,
2113,71011025,Obstétrique,0,0,0,0,0,0,income/expense,
2114,71011026,Ophtalmologie,0,0,0,0,0,0,income/expense,
2115,71011027,Orthopédie,0,0,0,0,0,0,income/expense,
2116,71011028,Traumatologie fractures fermées,0,0,0,0,0,0,income/expense,
2117,71011029,Traumatologies fractures ouvertes,0,0,0,0,0,0,income/expense,
2118,71011030,Traumatologie luxation,0,0,0,0,0,0,income/expense,
2119,71011031,Platres,0,0,0,0,0,0,income/expense,
2120,71011032,Ponctions,0,0,0,0,0,0,income/expense,
2121,71011033,Radiologie,0,0,0,0,0,0,income/expense,
2122,71011034,Endoscopie,0,0,0,0,0,0,income/expense,
2123,71011035,Soins infirmiers ambulatoires,0,0,0,0,0,0,income/expense,
2124,71011036,Petite chirurgie sutures,0,0,0,0,0,0,income/expense,
2125,71011037,Urologie,0,0,0,0,0,0,income/expense,
2126,71011038,Stomatologie,0,0,0,0,0,0,income/expense,
2127,71011039,O.R.L.,0,0,0,0,0,0,income/expense,
2128,71011040,Amputations,0,0,0,0,0,0,income/expense,
2130,71011100,A preciser,0,3884.08,3884.08,0,0,0,income/expense,
2131,71011110,A preciser,0,1776.99,1776.99,0,0,0,income/expense,
2131,71011110,A preciser,0,2754.79,2754.79,0,0,0,income/expense,
2132,71011120,A preciser,0,348.84,348.84,0,0,0,income/expense,
2132,71011120,A preciser,0,600,600,0,0,0,income/expense,
2221,71011200,A preparer,0,3242,3242,0,0,0,income/expense,
2218,71011300,A preparer,0,1404.45,1404.45,0,0,0,income/expense,
2129,71011600,A preciser,0,15948.29,15948.29,0,0,0,income/expense,
2133,71011700,A preciser,0,1613.55,1613.55,0,0,0,income/expense,
2215,71011800,A preparer,0,927.1,927.1,0,0,0,income/expense,
2217,71012100,A preparer,0,40.62,40.62,0,0,0,income/expense,
2226,71014100,A preparer,0,10,10,0,0,0,income/expense,
2214,71015000,A preparer,0,3672.16,3672.16,0,0,0,income/expense,
2228,71019000,A preparer,0,55.22,55.22,0,0,0,income/expense,
2134,71019100,A preciser,0,122.5,122.5,0,0,0,income/expense,
2234,71051000,A preparer,0,73.92,73.92,0,0,0,income/expense,
2216,71101100,A preparer,0,59.35,59.35,0,0,0,income/expense,
2135,71161000,A preciser,0,1598.11,1598.11,0,0,0,income/expense,
2213,71161100,A preparer,0,4207.38,4207.38,0,0,0,income/expense,
3322,718,AUTRES SUBVENTIONS D EXPLOITATION,,,0,0,,,title,
3323,71811010,Autres subenventions d expl. Versees par l Etat et les collectivites publiques,0,0,0,0,0,0,income/expense,
3324,7182,Autres subenventions d expl.Versees par les organismes internationaux,,,0,0,,,title,
3325,71821010,Versees par WOMEN S DEVELOPMENT,0,0,0,0,0,0,income/expense,
3326,71821011,Versees par AGRICULTURAL DEVELOPMENT,0,0,0,0,0,0,income/expense,
3327,71821012,Versees par NUTRITION REAB. (CN),0,0,0,0,0,0,income/expense,
3328,71821013,Versees par INDIGENT CARE PROJECT,0,0,0,0,0,0,income/expense,
3329,71821014,Versees par TSHIKAJI HEALTH CENTER,0,0,0,0,0,0,income/expense,
3330,71821015,Versees par ORPHAN SCHOR EDUC PROJECT,0,0,0,0,0,0,income/expense,
3331,71821016,Versees par HMHC,0,0,0,0,0,0,income/expense,
3332,71821017,Versees par FISTULA PROJECT,0,0,0,0,0,0,income/expense,
3333,71821018,Versees par CERVICAL CANCER,0,0,0,0,0,0,income/expense,
3334,71821019,Versees par BCZS COM. HEALTH PROGRAM,0,0,0,0,0,0,income/expense,
3335,71821020,Versees par MOBILITY IN MISSION 0096AA-08,0,0,0,0,0,0,income/expense,
3336,71821021,Versees par SUPPORT OF THE NURSING SCHOOL,0,0,0,0,0,0,income/expense,
3337,71821022,Versees par WOMEN DEVELOPMENT,0,0,0,0,0,0,income/expense,
3338,71821023,Versees par ORPHAN SCHOLARSHIP,0,0,0,0,0,0,income/expense,
3339,71821024,Versees par MOTHER CARE BABY CARE,0,0,0,0,0,0,income/expense,
3340,71821025,Versees par C-GSH FISTULA REPAIR,0,0,0,0,0,0,income/expense,
3341,71821026,Versees par FOUNDERS CHAPEL,0,0,0,0,0,0,income/expense,
3342,71821027,Versees par MISSIONNARY HOUSING,0,0,0,0,0,0,income/expense,
3343,71821028,Versees par CHARITY FUNDS,0,0,0,0,0,0,income/expense,
3621,71821029,Versées par IMA/ASSP,0,0,0,0,0,0,income/expense,
3344,7183,Autres subenventions d expl. Versees par des tiers,,,0,0,,,title,
3345,71831010,Versees par KAJIDI JONATHAN SCHOLARSHIP,0,0,0,0,0,0,income/expense,
2222,71888888,A preparer,0,1018.37,1018.37,0,0,0,income/expense,
3346,72,PRODUCTION IMMOBILISEE,,,0,0,,,title,
2136,72001000,PRODUCTIONS STOCKEES,0,0,0,0,0,0,income/expense,
3347,721,PRODUCTION IMMOBILISEE - IMMOBILISATIONS INCORPORELLES,,,0,0,,,title,
3348,72111010,Production Immobilisee-Immobilisations Incorporelles,0,0,0,0,0,0,income/expense,
3349,722,PRODUCTION IMMOBILISEE - IMMOBILISATIONS CORPORELLES,,,0,0,,,title,
3350,72211010,Production Immobilisee-Immobilisations Corporelles,0,0,0,0,0,0,income/expense,
3351,73,VARIATIONS DES STOCKS DE BIENS ET DE SERVICES PRODUITS,,,0,0,,,title,
3352,736,Variation des Stocks des Produits Finis,,,0,0,,,title,
3353,73611010,Variation des Produits de Perfusion,0,0,0,0,0,0,income/expense,
3354,73611011,Variation des Produits Ophtamologiques,0,0,0,0,0,0,income/expense,
2137,74,PRODUITS ET PROFITS DIVERS,,,0,0,,,title,
2138,74031000,LOYER,0,0,0,0,0,0,income/expense,
2139,74611000,PRODUITS DE CHANGE,0,0,0,0,0,0,income/expense,
2140,74611100,PRODUITS ET PROFITS DIVERS HE/GH,0,1164,1164,0,0,0,income/expense,
2140,74611100,PRODUITS ET PROFITS DIVERS HE/GH,0,5974.03,5974.03,0,0,0,income/expense,
2141,74611200,PRODUITS TRANSPORT BRIQUES,0,0,0,0,0,0,income/expense,
2142,74611300,PRODUITS FRS DE RECHERCHE,0,20,20,0,0,0,income/expense,
2142,74611300,PRODUITS FRS DE RECHERCHE,0,80,80,0,0,0,income/expense,
2143,74611350,PRODUITS ET PROFITS DIVERS/CE,0,375.54,375.54,0,0,0,income/expense,
2143,74611350,PRODUITS ET PROFITS DIVERS/CE,0,3749.78,3749.78,0,0,0,income/expense,
2144,74611400,PRODUITS FRS DE STAGE,0,1005,1005,0,0,0,income/expense,
2255,74611450,A preciser,0,200,200,0,0,0,income/expense,
2225,74611500,A preparer,0,435.5,435.5,0,0,0,income/expense,
2145,74621000,PRODUITS DIVERS,0,2004.3,2004.3,0,0,0,income/expense,
2145,74621000,PRODUITS DIVERS,0,486.13,486.13,0,0,0,income/expense,
2146,74641000,PRODUITS S/EXERCICES ANTERIEURS,0,0,0,0,0,0,income/expense,
3355,75,AUTRES PRODUITS,,,0,0,,,title,
3356,754,PRODUITS DES CESSIONS D IMMOBILISATIONS,,,0,0,,,title,
3357,75411010,Produits des Cessions d Immobilisations,0,0,0,0,0,0,income/expense,
3358,758,PRODUITS DIVERS,,,0,0,,,title,
3359,7581,Jetons de presence et autres remunerations d administrateurs,,,0,0,,,title,
3360,75811010,Jeton de presence,0,0,0,0,0,0,income/expense,
3361,75811011,Autres remunerations d administrateurs,0,0,0,0,0,0,income/expense,
3362,7582,Indemnites d?assurances recues,,,0,0,,,title,
3363,75821010,Indemnites d?assurances recues,0,0,0,0,0,0,income/expense,
3364,7588,Autres Produits divers,,,0,0,,,title,
3365,75881010,Autres revenus,0,0,0,0,0,0,income/expense,
3545,75881011,Produits d' Hebergement et restauration GH,0,0,0,0,0,0,income/expense,
3546,75881012,Produits d'hébergement Centre Etudes,0,0,0,0,0,0,income/expense,
3572,75881013,Produits cremerie Centre d'Etudes,0,0,0,0,0,0,income/expense,
3573,75881014,Produits restaurant Luayi Tudie,0,0,0,0,0,0,income/expense,
3574,75881015,Produits de vente oxygène,0,0,0,0,0,0,income/expense,
3585,75881016,Produits Guest Department,0,0,0,0,0,0,income/expense,
3586,75881017,Produits Maison Resident,0,0,0,0,0,0,income/expense,
3366,759,REPRISES DE CHARGES PROVISIONNEES D EXPLOITATION,,,0,0,,,title,
3367,7593,Reprises de charges provisionnees sur stocks,,,0,0,,,title,
3368,75931010,Reprise des charges provisionnees pour stocks obsolete,0,0,0,0,0,0,income/expense,
3369,7594,Reprises de charges provisionnees sur creances,,,0,0,,,title,
3370,75941010,Reprise de charges provisionnees sur creances impayees,0,0,0,0,0,0,income/expense,
3371,7598,Reprises sur autres charges provisionnees,,,0,0,,,title,
2148,76,SUBVENTIONS D'EXPLOITATION,,,0,0,,,title,
2149,7611,ECOH,,,0,0,,,title,
2150,76111121,ECHO MORINGA TREE,0,0,0,0,0,0,income/expense,
2151,76111122,ECHO WOMEN'S DEVELOPMENT,0,0,0,0,0,0,income/expense,
2152,76111123,ECOH AGRICULTURAL DEVELOPMENT,0,0,0,0,0,0,income/expense,
2153,76111124,ECOH NUTRITION REAB. (CN),0,0,0,0,0,0,income/expense,
2154,76111125,ECOH INDIGENT CARE PROJECT,0,0,0,0,0,0,income/expense,
2155,76111126,ECOH TSHIKAJI HEALTH CENTER,0,0,0,0,0,0,income/expense,
2156,76111127,ECOH ORPHAN SCHOR EDUC PROJECT,0,0,0,0,0,0,income/expense,
2157,76111128,ECOH HMHC,0,0,0,0,0,0,income/expense,
2158,76111129,ECOH FISTULA PROJECT,0,0,0,0,0,0,income/expense,
2159,76111130,ECOH CERVICAL CANCER,0,0,0,0,0,0,income/expense,
2160,76111131,ECOH BCZS COM. HEALTH PROGRAM,0,0,0,0,0,0,income/expense,
2161,76111350,ECOH 320802 MOBILITY IN MISSION 0096AA-08,0,0,0,0,0,0,income/expense,
2162,7612,ECO,,,0,0,,,title,
2163,76121100,ECO MISSIONNARY HOUSING,0,0,0,0,0,0,income/expense,
2164,76121270,ECO CHARITY FUNDS,0,0,0,0,0,0,income/expense,
2166,76121400,ECO 320902 ITM,0,0,0,0,0,0,income/expense,
2167,76121490,ECO KAJIDI JONATHAN SCHOLARSHIP,0,0,0,0,0,0,income/expense,
2165,76121510,ECO 320202/402 GENERAL N.D.,0,0,0,0,0,0,income/expense,
2168,7613,MBF,,,0,0,,,title,
2169,76131121,MBF MORINGA TREE,0,0,0,0,0,0,income/expense,
2170,76131122,MBF WOMEN DEVELOPMENT,0,0,0,0,0,0,income/expense,
2171,76131127,MBF ORPHAN SCHOLARSHIP,0,0,0,0,0,0,income/expense,
2172,76131128,MBF MOTHER CARE BABY CARE,0,0,0,0,0,0,income/expense,
2173,76131129,MBF C-GSH FISTULA REPAIR,0,0,0,0,0,0,income/expense,
2174,76131350,MBF IMCK'S TOYOTA LAND C. 0448AA-15,0,0,0,0,0,0,income/expense,
2175,76131400,MBF ITM,0,0,0,0,0,0,income/expense,
2176,76131401,MBF ISTM,0,0,0,0,0,0,income/expense,
2177,76131510,MBF GENERAL NON DESIGNE,0,0,0,0,0,0,income/expense,
2178,76131540,MBF HYDRO ENTRETIEN,0,0,0,0,0,0,income/expense,
2179,76141400,ROW ITM,0,0,0,0,0,0,income/expense,
2147,76151000,DIVERS,0,0,0,0,0,0,income/expense,
2180,762,PC USA ECO,,,0,0,,,title,
2181,76211,ECO 320202,0,0,0,0,0,0,income/expense,
2182,76211131,ECO BCZS Com. Health Prog.,0,0,0,0,0,0,income/expense,
2183,76211300,ECO GENERAL N.D.,0,0,0,0,0,0,income/expense,
2184,76211350,ECO MOBILITY IN MISSION,0,0,0,0,0,0,income/expense,
2185,76211401,ECO SUPPORT OF THE NURSING SCHOOL,0,0,0,0,0,0,income/expense,
2186,76211450,ECO CHARITY FUNDS,0,0,0,0,0,0,income/expense,
2187,7622,ECO 320402,,,0,0,,,title,
2188,76221131,ECO BCZS Com. Health Prog.,0,0,0,0,0,0,income/expense,
2189,76221300,ECO GENERAL N.D.,0,0,0,0,0,0,income/expense,
2190,76221350,ECO MOBILITY IN MISSION,0,0,0,0,0,0,income/expense,
2191,76221401,ECO SUPPORT OF THE NURSING SCHOOL,0,0,0,0,0,0,income/expense,
2192,76221450,ECO CHARITY FUNDS,0,0,0,0,0,0,income/expense,
2193,7623,ECO 320902,,,0,0,,,title,
2194,76231400,ECO ITM,0,0,0,0,0,0,income/expense,
2195,7624,ECO862737,,,0,0,,,title,
2196,76240001,ECO 862737 FOUNDERS CHAPEL,0,0,0,0,0,0,income/expense,
2197,763,MBF,,,0,0,,,title,
2198,7631,MBF,,,0,0,,,title,
2199,76311129,MBF C-GSH FISTULA REPAIR,0,0,0,0,0,0,income/expense,
2200,76311300,MBF GENERAL NON DESIGNE,0,0,0,0,0,0,income/expense,
2201,76311350,MBF IMCK'S TOYOTA LAND C. 0448AA-15,0,0,0,0,0,0,income/expense,
2202,76311401,MBF SUPPORT FOR NURSING SCHOOL,0,0,0,0,0,0,income/expense,
2203,76311450,MBF CHARITY FUNDS INDIGENT CARE,0,0,0,0,0,0,income/expense,
3372,77,REVENUS FINANCIERS ET PRODUITS ASSIMILES,,,0,0,,,title,
3373,771,INTERETS DE PRETS,,,0,0,,,title,
3374,77111010,Interets de Prets,0,0,0,0,0,0,income/expense,
3375,773,ESCOMPTES OBTENUS,,,0,0,,,title,
3376,77311010,Escomptes obtenus,0,0,0,0,0,0,income/expense,
3377,776,GAINS DE CHANGE,,,0,0,,,title,
3378,77611010,Gain de change,0,0.0141,0.0141,0,0,0,income/expense,
3379,779,REPRISES DE CHARGES PROVISIONNEES FINANCIERES,,,0,0,,,title,
3380,7791,Reprises de charges provisionnees financieres sur risques financiers,,,0,0,,,title,
3381,77911010,Charges provisionnees - Difference de change financiere,0,0,0,0,0,0,income/expense,
3382,7798,Reprises de charges provisionnees financieres autres charges provisionnees financieres,,,0,0,,,title,
3383,77981010,Reprise des autres charges provisionnees financieres,0,0,0,0,0,0,income/expense,
3384,78,TRANSFERTS DE CHARGES,,,0,0,,,title,
2204,78001000,Reprise subvention d'équipement,0,0,0,0,0,0,income/expense,
3385,781,TRANSFERTS DE CHARGES D EXPLOITATION,,,0,0,,,title,
3386,78111010,Transfert de charges d exploitation,0,0,0,0,0,0,income/expense,
3387,787,TRANSFERTS DE CHARGES FINANCIERES,,,0,0,,,title,
3388,78711010,Transfert de charges financieres,0,0,0,0,0,0,income/expense,
3389,79,REPRISES DE PROVISIONS,,,0,0,,,title,
3390,791,REPRISES DE PROVISIONS D EXPLOITATION,,,0,0,,,title,
3391,7911,Reprise de provision d exploitation pour risques et charges,,,0,0,,,title,
3392,79111010,Provisions impots sur le Resultat,0,0,0,0,0,0,income/expense,
3393,79111011,Provision pour litige,0,0,0,0,0,0,income/expense,
3394,79111012,Provision pour decompte final (retraite),0,0,0,0,0,0,income/expense,
3395,7912,Reprise de provision d exploitation pour grosses reparations,,,0,0,,,title,
3396,79121010,Reprise de provisipon d exploitation pour grosse reparation,0,0,0,0,0,0,income/expense,
3397,79131010,Reprise de provision d exploitation pour depreciation des immobilisations incorporelles,0,0,0,0,0,0,income/expense,
3398,7914,Reprise de provision d exploitation pour depreciation des immobilisations corporelles,,,0,0,,,title,
3399,79141010,Reprise de provision pour depreciation Batiments,0,0,0,0,0,0,income/expense,
3400,79141011,Reprise de provision pour depreciation Barrage et autres,0,0,0,0,0,0,income/expense,
3401,79141012,Reprise de provision pour depreciations des  materiels,0,0,0,0,0,0,income/expense,
3402,79141013,Reprise de provision pour depreciation des mobiliers,0,0,0,0,0,0,income/expense,
3403,79141014,Reprise de provision pour depreciations du materiel et mobilier d habitation,0,0,0,0,0,0,income/expense,
3404,79141015,Reprise de provision pour depreciations Vehicules,0,0,0,0,0,0,income/expense,
3405,79141016,Reprise de provision pour depreciations Bicyclette ; Mobilette et moto,0,0,0,0,0,0,income/expense,
3406,79141017,Reprise de provision pour depreciations des equipements,0,0,0,0,0,0,income/expense,
3407,797,REPRISES DE PROVISIONS FINANCIERES,,,0,0,,,title,
3408,7971,Reprises de provisions financieres pour risques et charges,,,0,0,,,title,
3409,79711010,Reprises de provisions financieres pour risques et charges,0,0,0,0,0,0,income/expense,
